essay_ID,ESSAY,SCORE
199510550523200913,我以前在台湾的時候讨谈过“安乐死”我说赞成“安乐死”还有如果我也得了一种不治之症，一定选择自杀。我认为这樣對每個人好得多。有一個人一直生病的时候，有可能性恢復没关係雖然家人还有放邊的人覺得很辛苦，但他们有希望，所以不会那么难过。可是得了一种不治之症的话，没有希望也没有可能性。而且病人一直在看病，吃藥什么的，家人一定覺得负擔。這樣一後病人結局死了，你们想一想留下來的家人。他们一定没有力量，心里也没有力量，而且没有錢。那么他们的生活也是乱七八糟的。很难划一前的平情。我的生活不是我自己個人的。还有我们可以想病人的立场。大概病人也不願意太多久受到苦通的时间。他也結局碰到死，可能願意早一点儿死了。如果結局死了，不必感覚苦通。他死了當时，家人难过，可是更容易早划到正常的生活。我想差不多这樣。我主張現在政府要承认“安乐死”。,60.0
200405204525200170,"我完成同意这一项规定。我们已经知道吸烟怎么对身体不好。这不仅仅是吸烟的人的问题，周围的人也受到了不良的影响。近年来，吸烟的人的年龄越来越年轻化。看来，中国是吸烟人数比较多，而且以前没有对吸烟者明确的法律，所以大家想吸就吸。不考虑一切。我休息的时候常常去南京东路逛街。那时候每次对吸烟者感到不满。因为那里人很多，特别是休息日的南京东路是人海。这样的情况里有吸烟的人的话，很不危险。听说在中国有一个人一边吸烟，一边走路。他旁边有小孩子。他一不小心他的烟碰到孩子的眼睛。那个小孩子失明了。虽然很小的火，但很有力量。再也不要发生这样的事，对吸烟者有规定。
 我已经上述提到了，中国是吸烟者比较多。这是中国的传统观念有关。所以上一代的男性多会抽烟，而且抽得很历害。现代年轻人吸烟的原因是父母亲有关。所以如果父母亲尊守政府出台的这一项规定的话，他们的孩子也有对吸烟的看法有所改变的，甚至有可能指导孩子不吸烟的之道。
 我上述说的种种原因米，支持这一项规定。",65.0
200307109523200178,"“食”是与“衣”和“住”为了维持基本生活必不可少的重要成分。
 关于这个问题，我认为解决饥饿是第一位的问题。尽管健康也是倍受青睐的话题，但生命具有跟任何其他东西也比不了的重要性。如果你看到天天挨饿的非州孩子们，就会知道解饥饿是刻不容缓的问题。虽然健康地生活也是我们能享受的巨大幸福，但是没有生命，就一切都没有了。我们应该关注这一点。
 那么，我们应该怎样解这个问题呢？答案在于“科技”。我们应该采用科技处理两个方面的问题。第一，科学家为了人类的健康应该研究有害物质较少的农药和化肥。第二，我们注力强化农作物对害虫的免疫力，改良品种，以便产生大量的绿色食品的理想变成现实。
 综上所述，不吃就不能活，所以我们应该依靠科学技述来实现全部人类健康地生活的 ",80.0
200307205525100023,"我认为不挨饿是第一位。因为人类的生活中，吃是最重要的一部份.如果没有食品的稳定供应就会发生很大的问题。像我祖国日本、虽然有农业但大多数的农产品都由国外进口的。一旦发生自然災害、就所有的农业产品受到价格上、物流上等各种问题。也有过一次因为日本国内发生大米生产不理想、政府决定把大米从国外进口、弥补了日本国内的大米供应。像日本这么小的国家、人们生活中必需需要的食品因为大多数靠进口的、首先要考虑它的稳定性。但不能不看化肥造成的污染。最近在媒体上看到有一个报到说、长期食用这种食品会导致癌种等疾病。农产品的稳定供应也得考虑但今后希望有关部门对此问题不断地改善。应该怎么样解决这个问题？我认为化肥和有机生产方法的优点结合起来、尽可能少用化肥生产农产品。当然供应土要追求稳定性、还要考虑它的价格.但希望这问题能决解，我希望能放心地吃食品.
 ",70.0
200307302523200023,"现在能饱满肚子的时代里，出现着一个问题——绿色食品与饥饿。有的人不管食物的营养成分而只为了饱满饥饿而选择经过化学加工的食品。但我认为我们首先要想的是人体健康，吃“绿色食品”则占第一位。
 我们知道经化肥、农药等化学成分能提高生产的产量，味道也较好以至于促进我们的食欲。我们又知道它的弊处，就是能消去物质本身就有的丰富的营养成分，如果吃错了，人体会受危害。而“绿色食品”，则和它相反，不经过化学物质、保持原固有的营养，有利于人体健康。
 我们在离我们身边不远处都能发现，国家积极号召用绿色食品。你将能看到印着“绿色食品”的牛奶、面条以及意想不到的东西。这一小物品来就能证明“绿色食品”的重要性。
 我认为不仅仅是为了保持身体健康、吸收营养也为保护我们的家乡——地球而要使用绿色食品.使用绿色食品不污染环境、并且能保护我们的生态环境.而化学加工品却不是.但我们生活中多数见的是化学加工品，我们也不能否认，我们不用它们。所以我认为我们用化学加工物品，但尽量不用它们。要想饱满饥饿的肚子，尽量使用绿色食品、少使用化学加工品， 样“一石二乌”，又能饱满肚子，又能保护我们的美好家乡——地球，让我们共同享受美丽的生活.
 （）",70.0
200105204525200029,"我寒假的时候去了老挝。这次去老挝是看看冬天的时候的风景，还加一个目的看我干哥哥，我已经去过老挝是夏天的时候，这次我坐汽车去的，坐汽车的话大概5天就到首都。
 我和朋友们到了老挝感觉舒服、很高兴。对我来说老挝是第二个故乡一样，在老挝国家很合适我，连我的干哥哥也是老挝人嘛！朋友们呢？当然了他们的国家，回到自国就高兴了吧，我亲眼看见了冬天的老挝，跟夏天不一样冬天的时候下雨少，不太热。夏天就经常下大雨，很湿热的感觉。我比较喜欢冬天的老挝。我还喜欢去“早上的市场”在那儿都有，比如小吃，生活用品，衣服，老挝特产等买东西很方便。我在老挝一半的时间都去这个市场，我喜爱的东西在这儿可以买到的。还在老挝有名是水果。老挝是热带国家，所以有各种各样的水果而且比中国的3分之一就买到了。我也喜欢吃水果，每天吃好几种水果也不腻的。
 另一个目的看我干哥哥的事呢，我可以见到我干哥哥，他离开中国和我以后只写信，打电话联系的，所以他怎么样的样子不知道。差不多一年半的时间没见面，不是第一次见面知道他是我干哥哥。我见到他就不知不觉流了眼泪，因为我认为干哥哥把我忘了…。",75.0
200307302523100107,"现在的社会有很多的问题。而且这些问题常常相互矛盾。绿色食品和饥饿，这两个词的关系也是。
 二十一世纪的很多人们想吃饭不是像以前那么间单的。以前很多人不喜欢饿，只能吃些东西就可以。但现在人们需要又好吃，又多吃又对健康好的食品。绿色食品就能满足他们的需要。但是绿色食品产量不多、有点贵。所以对非州等到的国家来说，绿色食品是个重要的想法。
 绿色食品和饥饿的问题也能说是质量和产量的问题。如果很多人吃绿色食品的话，那么挨饿的人可能增多。反过来想，有钱，而且重视自己健康的人，有权力吃绿色食品。
 我想吃绿色食品和不挨饿中没有更重要的。我们应该同时进行。而且研究出绿色食品的产量增多的方法。这是很重要的。但是要研究出绿色食品的产量增多的方法可能需要很长的时间。所以我们同时进行使用化肥和农药产出大量的食品帮助正在饥饿中的人们。 
 人们很不喜欢饥饿，但也很重视健康，我们不能说哪是更重要。我们应该一边研究绿色食品的产量，一边热心帮助饥饿当中的人们，这是我对这问题的想法。
 （）",65.0
200310576525100006,"对于男女分班的问题社会广有争议。有的人认为男女分班可以避免学生早恋，还有的人认为这样的办法阻碍男女学生的互相理解。我认为后者比较合理
 首先，人与人之间最重要的就是互相理解。人们都通过交流才能互相理解。如果男女分班的话，男学生与女学生之间的交流就減少。这会导致对异性的知识缺乏。有人说早恋不好，可我认为恋爱也人生中的重要的一部分。通过恋爱，人们能知道很多事情。比如爱情是什么，理解别人是什么样的等等。跟异性的交流中，学生们可以成长。
 进一步来说，社会并不是男女分开的。比如，男女职工都在一个地方工作。如果学生的时候几乎没跟异性交流过的话，那么他很可能在公司里感到别扭。因为他不习惯跟异性在一起。这个不仅仅使他不舒服，而且还会导致工作效率的下降。
 从上面的论述我们可以知道男女一起上课比较合理。现代社会是男女平等的社会。只有从小应该认识异性，理解异性，我们才能持续男女平等。",75.0
200410534533250059,"我觉得男女之间相识以志同道合的方式最为理想。因为彼此之间以兴趣一致所建立的感情，是能细水流长的。
 相同的兴趣，话题接近，感情就能持久。也彼此谅解双方的喜、怒、哀、乐。感情一沟通，爱情就能升温，並能共同建立幸福美满的家，婚姻也幸福。
 要找到兴趣相同的人，当然是在团体中寻得。经过长时间了解对方的家庭背景、教育、处事方面和宗教信仰，那你就能正确的断定对方是否是你的理想伴侣。
 举个例子，如果双方都喜欢画画，男方说要到深山写生，並了解当地的风土民情，一去也许要三个月的时间作画，如果女方也喜欢画画，有着共同的兴趣，她就会了解男方的处境，能为他设想，一个在深山写生；一个在山外教画，默默地支持着对方的理想，那是完美的爱情。女方也不会为了寂寞或柴、米、油、盐等事和男方大吵。
 我坚支赞成男女方以兴趣相识而走在一起是最理想的一对。这种感情最坚贞。",85.0
200307201523200054,"因为经济发展以及生活水平提高，不用化肥和农药的对身体健康无害的“绿色食品”也会被生产的。这可能是很好的消息。但是同是甚至对世界不少的人们来说，农作物受到化学污染的食品也没有不得不挨饿。在任何情况下，最重要的是人的生命。
 可能对不用挨饿的人来说，只活没什么用的。他们之经解决那个问题，所以他们会担心他们的健康。再说，怎么健康地生活是更重要的。但是世界上不是只有这样的人们。为了世界安全，而且想人的道理的活，这个问题应该世界上所有的国家和个人一起参加想办法。
 今天就没有吃的不能活的人，对他们来说有害于人的健康的食品也是他们的生命。所以全世界的强国美国，中国等应合作解决这个问题。而且每个国家无论是有化学污染和食品还是绿色食品第一次想的应该是国民的生命。绿色食品是个人的选择。 
 （）",60.0
199605104523200226,"这故事让我想起一个人在社会上的责任和义务。一个和尚为自己打水自己喝的时候就不觉得烦。因为这时他认为这是应当做的事情。
 第二个和尚来了，这个时候还可以。两个人一起合作去抬水喝，比以前省力而且可能愉快一些。但是第三个和尚来了之后，他们三个就觉得有这个多人没必要非得我来去挑水不可。都心里盼着别人替我去打水。
 这故事值得寻味。问题在于他们三个人不把打水的事情当是自己的事。所以才能退给别人的。在我们的社会生活里不难发现这样的例子。比如说像打掃房间这样的小事，我们留学生大部分两个人住一个房间，一个人住的时候每天整理东西搞卫生不觉得特别烦，费力。但是有了一个同屋之后就希望他也分担我打掃的事情，再进一步希望他多做一次免得使我没有时间学习。再过一会儿就‘阿，她替我做全部的整理打掃工作多好。’
 人喜欢自身的安乐，追求更方便的生活。这是自然的。但是我们不能忘记的是我们应该尽自己应做的最基本的义务。人多了就容易忘记这义务是为我自己的利益一说喝水也可以一而存在的。逃税是为什么发生？夫妻之间互相退辞家务的現象是怎么来的？都是缺乏责任感追求一身的平安的缘固。这种现象蔓延在我们的社会里。",85.0
200305576525200048,"我认为自己从来没有去过一个完全没有声音的环境。我觉得有生命的地方肯定有声音。
 在晚上时在一点也没有光亮的地方，就我一个人也肯定有自己心跳的声音，通风的声音，等等。这样可以感到自己的存在感。但是如果真的没有声音的话…就感到空虚。
 世界上有听不到声音的人。他们出生的时候已经听不见世界上的声音。但是可以感到自己心跳的感觉，可以摸到太鼓，打太鼓的时候有振动感。他们不是用耳朵听到声音，但可以用他们的身体感到声音吧。反而像我用耳朵听声音的人，又听到噪声。噪声让我噪心。不能心里稳定。有时学习很累了，去听音乐自己放松。但我觉得非常累的时候，最好就是睡觉。而且睡觉之前不要听音乐。一边听音乐，一边睡觉的话，我的身体能休息，但我的脑子不能休息。
 这样想，静音是让人们的脑子休息。噪音是让人们噪心。有时心情不好这种情况下听音乐，可以噪心。等于能忘记心情不好的还有一个完全没有声音也对人们不好。因为不能感到生命的存在感。用耳朵不能听声音的人，不算是在一个完全没有声音的环境。他们也用他们的身体能 感到声音的…。噪音，静音都有好处坏处。无音是不可能的。",65.0
200405109525201058,"随着社会道德观念的发达人们对吸烟的评价也是越来越严格了。甚至出现了在公共场所边走边抽烟的人将被罚款的措施。很多喜爱抽烟者反对这个措施，但是我个人认为吸烟对身体很不好，有百害而无一利。
 首先我想看吸烟对个人健康的影响。根据调查吸烟者比非吸烟者的得肺病率得达几倍。可见，吸烟对身体的影响很可恶的。还需要考虑对别人的影响。据理解，烟对吸烟者周围的人的影响比吸咽者更利害。而且对未来的孩子的影响也是很大的。
 第二，我想看吸烟对公众利益的影响。我认为吸烟对青少年的心理，道德教育的影响很大的。因为青少年是很容易受影响大人的，所以在公共场所上禁止抽烟就是帮助增加青少年的道德意识。还有，在公共场所上禁止抽烟是为了保持市容整洁有好处。
 总得来说，吸烟是不好",60.0
200510919501150007,"对于说父母是孩子的第一任老师这个论点，我是非常赞同的。每个人在其成长过程中接触最多的人就是其父母。正所谓人们长说的言传身教，就是指父母平时的言行对孩子的影响最大。人在其幼年期的模仿能力是最强的，所以孩子第一个模仿对象就是其父母。
 就拿我来做个例子。在我很小的时候，那时我姥姥还在世，爸爸妈妈对我姥姥是非常孝顺的。不论工作多么忙，他们总是尽早赶回家给姥姥做饭，并且什么事都顺从姥姥，从不惹她生气。那时候我还很小，可能就是那时候的无形影响，使我现在非常认同孝道。我会尽量做到不惹父母生气，并以努力学习来做为回报父母的恩情。虽然父母从来没有要求过我要如何孝顺他们，但他们曾为姥姥所做的一切！已经成为我学习的榜样。
 我再用一个反例来说一下。我的一个小学同学，他非常的爱打架，总是欺负弱小的同学。有一次他把同学鼻子打出了血，老师实在没办法，只有把她父亲叫来，没想到他父亲就在老师面前把他给打了一顿。现在想想，我的那位同学之所以爱打人，可能就是因为他经常被其父亲打吧。
 总之，父母是对孩子影响最大的人，无论是其行为举止，还是道德素质都是孩子所最先模仿的。做为父母一定要认识到孩子有时就是自己的一面镜子，因为无论好坏，孩子身上的优缺点很多都是从父母身上学来的。",95.0
200505109525201916,“父母是孩子的第一任老师”我完全同意这句说，但是不一定每个家庭的父母对孩子的影响很好，是因为父母也是受他们父母的影响长大了，原来是一个孩子。现在对孩子的教育不太好的，思想还没长大的父亲，母亲有很多。虽然他们身体长大了，已经二十多岁了，但是思想观念还是孩子一样。那那样的父母怎么能教育自己的孩子呢？还有很多受父母的兴趣爱好的影响长大了的孩子。有些艺术家，运动员等等。他们从小时候就开始训练长大了，他们有才能还是他们努力的结果？也可以说受父母的影响。,50.0
200307201523100011,"随着人类，科技、社会的发展，我们的生活水平越来越提高。现在在世界上粮食问题是人们六间的热点话题。这粮食问题是摆在我们面前的课题。那么怎么解决这个问题呢？
我对这粮食问题的看法有三种
 第一是，世界上的各国家毛逐自荐地帮助发展中国家。现在非洲的国家的人民缺少粮食而挨饿。所以联合国的会议上提出关于非洲的粮食问题，帮助非洲国家。现在韩国政府派馈了很多医生和军队。我觉得这是很好的政策。
 第二是，世界人民寻找绿色食品。现在各个国家还用化肥和农药，生产各种农作物。我认为这种农作物给人很大的影响，甚至人们可能会得病，深刻的话，会死。现在的科技不能生产很多的绿色食品。但是科技越来越发展，几十年后可能人世人民都能吃绿色食品。
 第三是，世界上的企业，公司等促进农作物的发展。现代的社会需要很多变化，其中农作物的变化很重要。各个国家一般都有独特的农作物。我们一定要重视吃的问题。这样的话能解决这三种问题。
 归根到底，我希望我们人类通过科技和人们的重大关心，能解决粮食问题，而且通过改变人们的思想，在这地球上完全消失使用化肥和农药的农作物。
 （）",65.0
200203522522150025,"记得小時候，父親对我最爱。每當我在讀書的時候，他一直对我说学问很重要，要好好的唸書。每天晚上都要背書写字，一没有看到我在看書，一句不说就把我打了。我也就害怕的情况下，每天都要看書、背書、背过的也要重过。就这样的成绩也是在班上是名列前茅。
 小時候我不懂为什么要我重温。父親没有回答，只叫我一定要背，不背就挨打。我從来才慢慢的体会到，重温是件好事，四書中说：“温故而知新。”要把每件事都要看的重要，不可以隨隨便便。这些的教诲被逼的成了我一个习惯，做起事情来就很認真。
 我長大後，慢慢体会到：少時不努力，老来塗悲伤。在我高中那年，父親病重。我又是长子。母親又要照顧父親。每天都要往医院跑，父親的工作都要我去做，父親只有一个牧場养牛和羊，我也就在高中時，就每天往牧場跑，又要管理五六個员工。我的年龄又很小，我要管的员工都是四十多岁。当時我很抱怨，不想去牧場但是没办法，只好得去。
 就这样我就慢慢的喜歡上牧場，也想把自己的牧場成为科学的饲养管理。因为那時的饲养方法太傳统。
 当我考上大学后，一心一意地去讀畜牧兽医系，想到畢業后，可以在父親的牧場上發展我的人生路程。
 現在我已畢業，也把大学所学的都应用在牧場，父親說我还要多多学習，但我知道，在他心理，已經充滿着信心和骄傲。我也在他的影响下，安安心心地走完自己的人生，也希望把所学的技术，应用在自己的牧場，也能使周圍的人们，更有很多工作机会。",75.0
199904123525200085,"一九九七年九月，我来到北京，就在北京语言文化大学开始学汉语。但我真没有想到我会念二年级。因为我在日本学过汉语，于是我的分班考试的成绩比较好，老师们就决定使我念二年级了。
可是，其实我在日本时学的是只有汉语的阅读方面，而并不是听力和口头表达方面。所以刚开始上二年级的课时，老师们的讲话我怎么听也听不懂，老师让我回答问题时，我也说不出来。那时候，每天我好难过，简直想哭。于是我考虑到改变到一年级的事。
这是一件很容易的事情。但是结果我还是决定继续念二年级。因为，如果我改变到一年级的话，这不是意味着逃避吗？",65.0
199505104523100127,"若别人问我这种的问题时，我该说那个人就是我的父親  虽其他大部分的人也对父親 影响很大，但我自信比别的人对我父親 的影响很大。
 尽管我家在韩国的西汉城，但在我十九时，就我家搬来了以前我家在一个小鱼村，那个鱼村就是我的老乡虽我父母都在汉城可我和两妹妹在那儿，出生之后上大学一前一直在那儿，那个理由是我父親的主意<主意 是小孩儿该在小村长大，还有人人需要故乡。
 目前大部分的韩国人特别是跟我同年ling的人没有故乡但 ",50.0
200505109630200579,"父母是孩子的第一任老师而也是一辈最重要的老师并给孩子伟大影响。
从出身开始儿童模仿他所看的行为举止，面对生活困难的态度，人论，思想观念等等幼年内孩子当家庭的中心，家庭也当孩子的发展中心，影响不可轻视。按研究所解幼年是某一个人学的快乐年代而是成长时最重大影响的。
当成大时改变所已经成生活习惯、行为举止，思想观念需要特大的勇感和努力。所以父母非重视自己行为思想态度不可。
其实按这个道理孩子也可以当父母最伟大的老师。让他们想到生活中价值时刻，美丽经历总得起来用新眼目看世界，看自己的生活和快乐。另一外方面是孩子到家庭带来乐观，一个新的生活一个奇妙秘密。不管什么看儿童到父母带来无限的希望。影响也不可淡忙。",50.0
199505104540100138,"人活在世界上，首先接触到的父母兄弟姐妹；入学后，就认识了一些朋友，同学和老师.这些人，在以后生活中，经常会回忆起，甚至想念他们.为什么呢？因为这些曾经和自己一起生活、学习或工作过的人，有些是曾经关怀过自己、帮助过自己的，他们都给自己留下过深刻的印象，甚至一定程度的影响。
 而我，在成长过程中曾给我很大影响的，却不是曾经在一起生活、学习或工作过的人，而是一位素未谋面，只是简接地认识的一个人，他就是尼古拉.奥斯特洛夫斯的著名小说《钢铁是怎样炼成的》主人公保尔.阿察金.
 打从中学时代认识他起，他的一生，他的言语和行动都给我在人生征途中起了一定的影响.也许你们也曾听过或读过他那“人最宝贵的是生命，…”那句铿锵有声的名言.他使我懂得人活着的意义和活着的价值.
 在这商品经济大潮冲击下的时代，有的的人却忘了活的真谛，而一味追求物质享受，甚至伤天害理地、不择手段地达到这种目的.
 保尔的一生是献给了人类最壮硕的事业，而渺小的我只要求做到不损人利己，不“衣人之衣，食人之食”，可能的话，用自己学到的本领和知识，为社会群体做些有的事.
 保尔的事我不准备重述书中的描写，谁要了解他，可读一读我上面提到的那本小说.
 我们毕竟是不明不白地来到这人世界，但千万不要糊里糊塗地离开这个世界。
 我怀念保尔，因为他给了许多动力去克服生活、爱情和与人交往时遇到的困难.要象他一样，人，不能只顾自己，不为他人，应该活得有价值——不是商品价值，而是人生的真正价值.",95.0
199605550523290048,"我念这片短文后，首先感覚到的就是，虽然一片故事的内容背景就古代，可是内容的教训是现代也应训接受的。
 这片短文中的一座庙里没有水喝。他们都知道应该到山底下挑水喝，可是三个当中谁也不下山。他们都心中想“也许别人到山底挑水，那么，我不必去。我要等着。”可是结果呢？每个人都这样想。于是，人三个，反而没有水喝了。我念这片短文以后，马上反省我们现代人们的生活态度。在现在的社会中，我常常发现这样没有责任感的事情。人呢，有的时候，自私阿！可是全社会的每个人都自私的话，社会的安定，发展怎么辨？如果每个人只愿意别人做事的话，我们的社会应该乱极了。
比如，每个人不尊守公眾道德，不努力工作，作浪费的态度的话，我们的社会怎么辩？所以每个人小到个人自己的事情，大到社会，国家的所有的事情，应该有责任感。
 念这片短文以后想起来的当中第二就是不能方弃主人意谢，我说的“主人意谢”就是我们的家庭，社会，国家的主人的意谢。如果没有主人意谢的话，就没有责任感。主人意谢就能動的态度，不是被動的态度。主人跟卜人的差别是什么？那就是主人对每个事情有能動地参加。",65.0
200209550523250835,"现代社会是经济发展速度很快而人们观念也很快改变的。所以人们之间很容易生生想法的不同。特别是年青人和他们上一辈之间的。他们俩成长的环境不同，学习的内容不同，社会发展情况不同，所以他们互相了解很难。为了他们互相了解，他们应该知道对方的想法而认定他们的想法不同。他们俩的想法不同不是不对的，而且不能说只是一对方对的，而是双方都是对的。解决这个代沟的问题的关键是认定对方的想法和观念不同。
 年青人认为上一辈子们不是现代，太关心他们，只能让他们做学习，不信他们。可是这是不对的。如果没有一辈子们的努力和智识，也没有现在发展的社会。他们不是跟年青人想的保主义者。年青人应该学老一辈子们的智识而努力。
 老一辈子也应该主意年青人的意见。一般很多老人根据通过很多年以来，知道的智认，让年青人学自己的想法，让他们同意自己的意见。虽然老一辈子比年青人有更多的智识和纪力，但是他们也有不对的。他们应该听一听年青人的说话，而学年青人的新观念。
 两代人互相努力了解的方法时，才得到解决这个问题。",65.0
200405109523201165,"最近我们常常能看到在人口密集的场所不允许抽烟的现象。而且某市政府制定了一项规定，就是在公共场所边走边抽烟的人将被罚款。有的人想这是过分，可是我为了保持市容整洁和个人的健康同意那个政府的规定。
 当然抽烟是个人的自由。可是抽烟给人们的影响并不少，所以绝不能轻视抽烟的问题。我们能把抽烟的问题分类三个部分，健康方面、非抽烟者方面和青少抽烟方面。
 谁都知道抽烟对个人的身体建康有坏处。根据医学发表，多种的病从抽烟出来的。所以抽烟是百害无益。因此人们为了自己健唐对抽烟考虑。还有非抽烟者的问题也重要。他们不抽烟，可是受到很大的恶影响。所以抽烟者都不是只考虑自己的自由，就要考虑别人的生活权利。
 现在青少的抽烟率越来越高。这个现象很危险。青少是我们的希望。不要由抽烟得了不好影响。
 因此控制抽烟场所不是过分的。抽烟对个人健康和公众利益利小弊大。通过启蒙抽烟者我们能造成更好的社会环境。",60.0
200505109525202299,"父母是孩子的第一任老师
 我也认为父母是孩子的第一任老师。任何嬰儿心都是白纸似的清白。天天给他们照顾的父母的存在是很重要的。孩子向父母学习语言，思想，行为等，因此父母的有些不好的习惯不要给孩子看。
 打仗、吵架、骂人、说话跟行为不同、吸烟、喝酒……这种不良的习惯，我不想给孩子看看。他们一定有人格上的不好影响。我父亲会容易生气，就开始大声说话，不过我只有这一点对他不满意，小时候特别难受。如果他的心理有“我是女儿的第一任老师”，他不会随便生气骂人，而且我的心理也会更隐定的。
 我认为没有完全的人，因此没有存在完全符格的父母，每个父母都有小小的毛病。也许父母是通过养孩子学到很多东西。有些父母打死孩子，做坏事，不过我希望他们有时候停止再想“我是孩子的第一任老师”，这一句话。就能冷静下来，知道我该怎么对待孩子。孩子就是父母的镜子，好处坏处都能看得出来的艺术品。 ",70.0
199904123945200041,"我来中国以前，我从来没有单身离开过家，而从小都有父母在身边保护我，帮助我，我离开家里那一天，我妈妈跟我说过一句话，说起来这已经是三年前的事了，但到如今我还记得很清楚。妈妈说：“人生的路很长，不是一步就能走完，在路上会有许许多多的困难和挫折，不要害怕，不要让它们左住你，它们只是人生的考验，要勇敢地面对它们，要信自己，最终你会发现这些挫折会让你长大。”
我很感谢我妈妈对我说这一番话。我离开了家以后才亲身提会到这番话的道理，还有我明白了为什么妈妈要跟我说这些话。我每次遇到挫折时我就会想起妈妈的话，然而就会有勇气面对困难，最后就可以解决问题。
经过许多困难和挫折我也意识到一点，这一点是什么呢？这就是：人生道路上的困难和挫折不是为难我们的东西，它们只是进行它们的业务，它们告诉我们：“路走错了”或“方向错了。”它们告诉我们应该换一下方向了。我们只所以认为它们是挫折是因为我们失望，这不是我们所希望和追求的，所以我们认为是挫折。但是如果我们认真地想一想：如果没有人生中的挫折，人生的道路上会很平静，那么人生还会有什么意义吗？所以每当我遇到挫折时我会想起这一些。真好用。不信？试试吧！",75.0
200307109523100212,"
 我们人类的最大目标就是享受幸福生活。其中，解决吃的问题是基本条件。所以说解决饥饿占要解决问题中首位。吃绿色食品是第二。
 为什么这种饥饿的问题呢？回答说很简单。这不在缺乏食品，合适<流通。再说，在发达国家，吃的东西那么多，这样以来，过于吃，终于许多人胖，甚至发生各种各样的成人病。如果，我们人道主义的观点上，把富赢的食品送非洲或饥饿地区，这是解决饥饿的最好最有效的办法。
 那么，我们不要产生绿色食品”吗？不对！幸福的基本条件中，第一个是健康。虽然有人说：“没有健康，也可能拥有幸福呀。”他说得也有道理，可是有健康，不是更幸福吗?所追着健康生活，也是重要而可贵的。当然，人类都耍吃“绿色食品”。可是现在的情况不可能的。怎么办呀!我认为发达国家反更努力开发新的技术为了什么？就是全世界人类容易吃更好的食品——“绿色食品”，这是我的意见。
 （ ）",65.0
200405204525200240,"现在世界上吸烟的人越来越多。以前在我国日本的吸烟者大都是男人。到现在不仅女人，甚至未成人里也不少的吸烟者。
 世界上常常提到吸烟对个人健康而我们社会有不良的影响，但吸烟者的比重还是高。对吸烟者来说，以吸烟为保持自己的心情稳定，而可以提高自己的力量。对于未成人，吸烟是一种打扮自己。他们虽然知道吸烟对个人身体有多坏，但是还是不能戒烟。世界上提到的吸烟的坏处有很多。首先、给个人健康带来的不良影响。就是举世闻名的癌症，，不能怀孕或生残疾的孩子等等。第二，对社会给不良的影响。就是不仅是对周围的人造成麻烦，而对环境也受到吸烟的害处。现在各个城市为了保护我们自己、地球到处提倡绿化。人们采取造树等地措施来重新考虑自己的地球。反然，吸烟者或多或少造个不好的影响。",60.0
200307109523200381,"
 最近几年去大的超市里都会看到所为的绿色食品在热卖。我想这可能由社会经济的发展现在的人民的意识也从量的问题到质量问题的原因吧。但我个人在商店里看到那些东西的时候一方面有点反感。世界上毕境好多国家的数千万人还在饥饿当中生活。而且我想这点是比个人的建康或狭窄的环境保护更为重视的一点。下面是其两个理由：
 首先，我想人类在地球上共存最重要的思想态度就是和平与平等。地球上的每一个人都有劝利拥有地球上的资源，因此发达国家的资本或者资源也应该为那些饥饿的国家分赏。这样材能所有的人类在地球上快乐地共存。
 第二点，我想强调的是每件事都会有先后.化肥等东西确实对地球环境影响很大,但为了这个每天几十万人都饿死的话,这只能
 （ ）",85.0
200505109922102567,"父母是孩子的第一任老师是非常对的。可是今天的家庭面对一种重要的问题。爸爸妈妈都在外面工作了。那么，每一个作父母应该考虑一个间题：“我的孩子的老师是谁？”要不是他的父母父母怎么能确定孩在学习什么。我发现目前很父母都有一种错的观念。因为一般的父母都很忙，所他们觉得孩子不顺要父母花很多时间教导孩子。他们以为只要所花的间比较制量好的就可以了。我不同意这种观念。我觉得这种观念来自父母找接口而一。他们心里不安，所以用这种观念让父母觉得自己还是一个好的父母。
我觉得教导孩是父母的责任。但是今天越来越多父母不负责这种责任。相反他们把这种责任交给别人。可能是交给小学的老师、家人或朋友。有一些孩子侍在家里没有人来照顾他们。他们所接受教育都来自电视接目。
我觉得必需考虑他们的孩顺要什么。对孩子来说最重要的是父母的时间和教育。",75.0
199500533533200043,"我对中华文学有一种近乎深入的爱好。说是爱好，但是并不是只是“五分钟”的热度，而是永恒的，坚持的。
 从小，我是生长在一个以农为业的乡村地带，所以就读的母校也就坐落在这个充满“菜香”与“花香”的环境中。但是，我的父母并不从事农业，而是出外工作。就这样，我一放学就喜欢呆在图书馆里。一来可闻到四周的花菜的香味，二来我又可有更多的机会阅读一些课外读物。那时，我的班老师——王静雯老师，因为师资缺乏，她往往要兼教上、下班的学生，所以，在午餐后，她也常到学校的图书馆来。她对我常呆在图书馆看书而没有回家起了疑心，便好奇地问好：“春花同学，你放了学，为何不回家呢？”当我发现是王老师，心里也吓了一跳，但自问自己没做错事，所以就心平气和地把原因告诉了王老师，王老师听了很高兴，不但不再说什么，而且还从书架上拿来了好几本名著给我，然后对我说：“春花同学，这几本都是名人著作，你借回去看，对你往后的华文水准将有极大的辅助的。就这样，在王老师的帮助和鼓励下，我的华文水平也因此进展许多，甚至，我的华文成绩也得到相当不错的成绩。也因为这样，到现在，我爱好阅读，也爱好写文章。对于一些名著也认识不少。我能这样水平，虽不说上是很好，但是最起码我会继续保有这个爱好，如果不是王老师，我想在新加坡要有一定的华文水平，可真不容易。王老师，在此我要谢谢你，你是影响我对华文爱好最深的人。",90.0
200307205525200138,"我觉得应该“绿色食品”是第一位。最近在日本从中国进口的蔬菜上的残留农业引起很大的问题，因为残留农药的浓度比日本政府规定的高得多。日本人很讲究健康，对这种事情很敏感，所以很多人虽然价钱比较便宜，但是不敢买从中国进口的东西了。我也想贵一点没关系要买安全的东西，因为以后会生病的话还要更高的医疗费。
 但是我也知道这是没有挨饿危机的日本人的看法。对挨饿的人们来说有吃的和没有吃的饿死没法比。有点儿农药也没什么问题。这是世界上的贫富差异太大的问题，所以不是很容易解决的问题。
 我认为解决这个问题的办法是只世界的各各国家的互相帮助。有科学的知识，技术的国家提供农业的好方法，则有比较便宜劳动力的国家用好方法来做农作物。世界很大，有各种各样的国家，想法也不同，所以这样做也不是很简单。
 ",65.0
200307217523100101,"生活水平的不断提高，人们对食品的要求也变了。现在，无论到哪一家超市，到处都可以找到绿色食品。绿色食品是什么呢？它是未经这化肥和农药以及防腐剂的食品.对人体没有害处。吃了当然很好，不过这样使农体物的产量大大的降低。现在世界上有几亿人缺少粮食而挨饿。虽然生活水平提高了，但是还是有许多人缺少粮食而挨饿。我们应该先把挨饿的问题解决。上帝说“人和人,都是公平的,平等的”。我们不能只顾虑自己的健康，应该帮助有难的人，为什么他们要一直挨饿呢？我们有权利帮助他们，他们也有权利不挨饿.解决挨饿的问题后，再吃绿色食品也不迟呀！
 那么，我们如何解决挨饿的问题呢？我们现自身做起，无论是在家里吃饭，还是外面吃，要做到不浪费食物，不要剩下过多的食物。还有不要只是生产绿色食品，少量的生产绿色食品，多生产农作物，然后寄给挨饿的国家或地区。这样挨饿的问题，应该会得到好转的。不要把挨饿事，只当作别人的事，把它看成我们自己的事吧！
 ",70.0
199904123523200222,"世界上没有一个人是完全完美的。生活过程中遇到困难也是不可避免的。这里指的困难也是有各种。我想由于自己的错造成的困难比较容易解决。比如，考不上了大学，你已经知道原因和以后的措施。在我国家为了这个问题很多青少年自杀，我想他们挫折地太早了，因为经过失败能取得更多的发展。
但也有时候，自己没有错，但还会有困难。比如，97年东南亚经济危机使许多青年人挫折。大公司一连破产，下岗人数也数不了。从那年到现在期间大学毕业的青年人跟本没有工作机会。对于一般人来说很难解决这样的困难。
但也不能说一点希望都没有。
反正自己的人生是自己决定的。
通过自己不断的努力和家人，朋友的支持，应该比股困难",65.0
200405109523200508,"吸烟给人类带来的影响很大。吸烟是对人类有百害而无一益。
 吸烟是引发各种各样的人类疾病。比如，我的爷爷一生没什么别的疾病，一直显得很健康。但一年前，突然得了肺癌，不久就去世了。他的病都是因为长期的吸烟习惯的。可见，吸烟是使人们最容易得病，甚至导致死亡的。所以我们应该戒烟。
 吸烟不但影响吸烟者的健康，也威胁着旁边的人的健康。以前在韩国，有一位孕妇为了将来的孩子专心地保持着自己的健康状态。但是10个月以后出生的孩子跟正常的孩子不一样。那个孩子是个弱智者。因为他的爸爸从小开始吸烟，而且他的妻子怀孕的时候也一直在她的旁边抽烟，因而产生了这样的后果。
 由此可见，吸烟对人类就有害处而没有好处。所以我们应该采取关于戒烟的措施，这样才可以保护人类的健康，创造人类的灿烂的未来。",70.0
200505109525101890,"“父母是孩子的第一任老师”我同意这个看法。因为每个孩子在长大的过程中最常在一起的就是父母。从两个方面来看看这个问题。
 第一是在语言方面。一般来说一个孩子到了三岁左右，把他扶养的是母亲。母亲给孩子的影响是很重要的。因为刚刚出生的孩子当然是不会说话的。而且他们是不能一个人活着。过了一段时间之后，就是到了一岁左右。他们漫漫地学会词语。在当时的孩子是记生词的天才。母亲给他们讲的每句话，他们都能记住。在这个时候讲的语言是他们永远留下去的。如果一个母亲的说话暴力一些或母亲讲的内容比较少，孩子自然成为一个说话暴力一些或内向的人。
 第二是在兴趣，思想方面。这也是在语言方面差不多。如果有一个孩子比较长的时间看父母的行为，比如父亲是学校的教师，父母的爱好都是一样的。孩子也自然对这些东西会有兴趣的。因为我的父母的爱好是打网球。所以我也对网球兴趣起来。现在我也觉得自己的行动、爱好、说话与他们比较相似。可能一半多以上就是有父母的影响。所以我同意父母是孩子的第一任老师的看法。",75.0
200510111630200350,流行歌曲呢。我不是一个特别喜欢这种类的音乐。但是我也并不是蔑视流行歌曲。一般来说我不需要每天听音乐，有时候可以过了比较长时间；一个星期、三四个天我完全没听所有的音乐。当然，如果我在咖啡厅等那样的地方，有很多时候不能听流行歌曲、但是对于我来说这不是听。因为我对流行歌曲没感大的兴趣所以我也不买跟这种类的音牙有关系的东西。有时候我觉得在电视节目中关着流行歌曲的节目太多了。但是我也觉得，因为这种音乐真的是流行的可以代表一个世代，可以让我们更好地理解一个世代的文化环竟，一个世代的感觉，也可以说是一种类的记录。,50.0
200305576525200039,"我对这个问题觉得挺有意思的。我看到这个问题时，想到如下的事情。
 因为我看这个“静音环境”就是说“无声”的问题是跟“没有任何的污染”等于“无菌状态”，跟这个状态比较相似。我认为“无菌”这个状态比较危险。因为“无菌”的状态下，免疫力所有的对任何坏菌物质能够抵抗的能力不可能存在的。为了保持一程度“免疫能力”是很重要。从而，所有的生物具有他的体内有一些免疫能力。
 我并不是说要“有菌”的，而是说最好的是“不是完全无菌的，而是所有免疫的”。在“无菌”状态里长大的东西一旦出到外边儿，就死了，但是同时很脏的、很用污染的地方也会死的。重要的是 ，还是怎么调节这些所需要的条件。
 因此，我还觉得这个过份的静音对人体会危害的。",60.0
199705104523100020,"生活在城市的人们,几乎没有机会看到绿绿的森林，他们周围只有高高的灰色的大楼，而生活在乡村的人呢？虽然生活上有一些不太方便的地方，但是自然环境却比成市好。我认为这就是乡村生活的好处。
 的确，城市人的生活非常劳累。每天从早到晚一直忙于工作，怎么也忙不过来。人与人之间的关系也十分复杂。再加上，很多事情使城市人烦恼。比如，交通问题，住房问题等等。
 当然，乡村生活也存在着与城市生活同样的问题，但我认为乡村生活中的发生的事情不会比城市生活中发生的严重。你听说过乡村住房难的消息吗？
 对我来讲，我虽然住在大城市里边，但我希望班到乡村里去生活。早上起来就到地里干活，晚上回来，全家席地而坐，谈一谈。多么美好持生活呀！
 可是这只不过是我的一个希望而已，不知道能不能实现。如果我做到那乡村人的生活的话，我一辈子肯定过得很快乐的。",75.0
200505684542200003,"婚姻是人生大事之一，也是爱情的结果。不过怎么获得好结果的呢？一天两天也说不完，我本身只是一般的大学生，今天初次大胆提出自己的观点、请大家参考一下儿。
我自己认为爱情就是婚姻的基础，没有爱情的婚姻意味着没有幸福之婚。那么爱情从哪儿来的呢？大家都可以随时给带来了吗？不一定的。所以我认为男女之间相识的最好方式就是自己在一个偶然的机会相遇，随着时间的经过，慢慢了解，从而落入了情网。
在这种情况下，男女双方都有互相了解、互相恋爱的机会，并主动地表现自己的能力、长处和短处，对方从此是否接受，作出自己的选择。双方一起经过种种的试验才休会到爱情的味道，幸福的甜味。
自由恋爱，自由爱情是大家都很希望的结果，而要获得真正的幸福也要负出很多工夫，万事起头难，如果有美满的“起头”，希望有美好的结果。",70.0
200307109523100259,"我认为达两个问题都很重要.“绿色食品”和不挨饿各有各的好出和坏处.
 最进.先发达国家开始，人们对“绿色食品”的关心增加.在韩国人也开始关注这点.在科学研究证明.“绿色食品”对健康有很多好处.但“绿色食品”也有了很重要的缺点.它不能用化肥和农药.所以产量不多.
 现在，世界各地还有很多饥饿的国家.很多国家很想帮助他们.但爱莫能助.如果农作物的时候，使用化肥和农药，产量就会大大提高，但不可否认农作物会受到不同程度的化学污染.这对人们的健康有很大的问题.
 我认为解决问题的最好方法就是.“绿色食品”生产量的提高，这是很重要的问题.达样我们可以保护健康也可以不挨饿. 
 ",65.0
200510919501150011,"一个孩子来到世上，第一眼看到的人就是父母亲，随着他们一天一天的成长，父母都会陪伴在他们身边，然而，孩子幼年的老师便就是他们的父母。父母从小对孩子的教育是非常重要的。
 小孩在成长的过程总是会在模仿中学习。然而父母便是他们模仿的首选对象。父母究竟树立一个怎样的榜样是至关重要的。在民间流传着这样的一句话：“小时偷针，大时偷金。”这恰恰是一个好的例子，小时候养成不好的习惯，然而父母不以为然。长大后，这就不只是一个坏习惯的问题，而且会犯下大错。所以，父母在孩子的成长期里就像是一个指南针。如果父母以身做则，具有良好的兴趣观和思想观，那么他们的孩子就能从小培养起良好的举止行为。如果父母在小孩成长期里不做好榜样，那么孩子就没有一个好榜样学习，当长大后犯下错的时候，父母后悔也来不及了。所以一个人是否能成才，除了自身后天的努力程度，在成长期，父母对他们如何教育有很大的关系。
 所以，父母除了给小孩一个良好的成长环境之外，还应该给孩子树立一个好榜样，具有良好的兴趣观和思想观。除了做一个称职的父母，还要做一个称职的第一任老师。",90.0
200405204525100433,"据说，某国某市政府最近颁布了，在公共场所边走边抽烟的人将被罚款。听到这消息，我觉得太难过。禁止吸烟的程度终了到这么严重的地步。排除吸烟的意识这么严格。难道说吸烟人不属于人类吗？
 我也可以理解，在人口密集街上，走路人边走边抽烟不一定是好习惯。街上碰到妇人，烧她们的衣服怎么办？碰到小孩，伤害他们的身体怎么办？不过实际上像这些事情很少发生，寥寥无几，杞人憂天。
 问题在哪儿呢？在现在的世界上，都攻击吸烟人。大家识为，所有坏事都由于吸烟而发生的。环境恶化，死亡率增加都是跟吸烟有关的。好象爱吸烟人犯罪似的，没有人权似的，不属于人类似的。我对于趋势不得不提问。抽烟也有很多好处。
 身体和精神到底哪个更重要。有人回答身体，有人回答精神。古代希腊的哲学家已经回答了这个问题。他说，精神控制身体，所以精神比身体更重要。当然吸烟对身体有一定的负面影响，同时对精神有很好的影响。工作紧张时，双方讨论时，没有好主意时，一支烟振作精神，解决问题。
 甚至说吸烟跟青少年的犯罪率也有相关。我完全不同意这个看法。一支烟会解决青少年的苦恼、精神上的问题。",90.0
199508680519200534,"一九八八年十一月十三日，我在本地佛堂遇到一位由美國「萬佛聖城」前来亞洲弘法的高僧——宣化上人。從此我整個人改變了很多，無論是思想、行為、態度及人生觀等等。
 宣化上人一生修持苦行，依佛制而日中一食、夜不倒單。不只從他本身可讓我们看到佛的光輝——因為他本身行往坐卧都不出佛的戒律，更令我感动的是他對也人的關心及他為法忘軀、為世界的災難而到處清災——甚至承起世人的業障于他一身。
 他創立的「萬佛聖城」，以六大宗旨為家風：不貪、不爭、不求、不自私、不自利及不妄語。他說這六大宗旨，是做人最基本應做到的。如果這六大宗旨都能做到，就幾乎是一個完美的人，也同時離成佛亦不遠了。如果連這最基本之法也行不到，那麽就是飽讀佛經也舆修行成佛豪无關係。
 自從我深入體會及去实行他所說的法，我感覺到對我整個人都有很多的幫助，那就是我開始把一切都放下、不再執著了。
 宣化上人的教导，對我一生起了巨大的、良好的作用。只要肯一直跟随着他的教法，相信不只我，甚至全世界的人，都會受益。",75.0
200307206523200013,"人们大部分都希望吃绿色食品。因为都明明知道绿色食品对人的健康好得多。可是人们的希望和现在的情况不一样。我说的现在情况是农村的情况。农民人们一直努力生产农作物。他们的农作物可以容易伤害，不得不用化肥和农药。如果农作物成长不好的话就没有办法出销。还有到目前为之消费者的需要适合使用化肥和农药。已经习惯了这样的农作方法。
 现在的士地比以前恶化得多。如果中断了化肥和农药的使用，农作物的产量会大大降低农民们的损失也可能很大。
 我们需要绿色食品之前保护土地环境。土地环境改变以后就想一想绿色食品。
  ",60.0
199611543501200519,"在家里,我常常觉得我和父母、長辈之間存在着一些难以解決的問題。而這些問題不外是我们之间在行为方式、生活态度以及价值覌念等方面存在着一定的差异，從而我们之间经常闹意见、爭吵，甚至不瞅不睬对方。结果，我和父母之间的親子关係越来越差。
为什么我总是觉得父母很專制，他们管得我特别严，而使我喪失了很多自由？为什么我做任何事，他们总是不放心，以为我一定不能好好地做好？這是我经常抱怨的地方。而從父母嘮嘮叨叨的说话當中，我知道他们不滿我整天在外，有时甚至連晚飯也不回家吃；他们更加不滿我隨便乱花錢，把辛苦賺来的錢花在衣服、吃喝玩乐上。他们觉得我对我的朋友、同学比对他们还好，所以他们总是对我诸多不滿。
其实，我知道父母、長辈对我都很好，他们都很关心我、愛护我，他们一心都护着我。但他们的表達方式实在有些落伍了，他们不会把心中所想温婉地告诉我，只一味地說他们不滿的地方，所以我在心里上抗拒了他们。而我，就算在哪里，我的心里都惦记着他们，希望他们都安好，只是我觉得自己越來越大，需要好好地找尋自己的生活，出路，所以忽略了他们。
 我知道我与父母之间的代沟可以怎样解決。只要我们多從对方的外境着想，怀着一顆寛容的心，我们之间的代沟就會消失得无影无踪。",85.0
200209550523150227,"最近两代人之间有各种各样的差异。比如说：几十年前他们之间也有了差异，不是跟现在那么严重了。为什么越过时间越严重呢？ 因为现代的生活水平比几十年前更好了。那么现在说明对两代之间的各种各样差异我的想法
 首先我说明对经济生活水平。现代的经济比以前好多了。现在都有我们需要的东西。我们的父母时代时，他们不够生活日常品。他们从小到现在一直没花那么多钱。他们不想花钱，可是我们的时代怎样？我们都随便花钱，虽然过几天时一分也没有钱，但是我们想先花钱，然后在想想以后的生活。所以现在我们的经济观点跟我们的父母不一样。
 第二是各种文化差异。我们时代很容易去海外学习外语和各种文化。所以我们容易地学习西洋人的想法。他们的想法是旷达、开放的。那么我们东方人怎么样？我们是一种沉重的人比如：我们做什么事情时，先想一想怎么做好然后做那件事情。我的意思是想得太沉的。
 我们的父母时代是怎么样？虽然他们会去海外，但是只有钱人能去海外。他不容易学习西洋人的想法。还他不会上高中学。因为那时他们没有钱，不得高中学。
 还有很多差异，可是我觉得这两个差异是比较重的。为了解决这问题，我们互相了解和互相尊重。",60.0
199610550523290101,"所谓的“代沟”问题不是今天忽然产生的问是，而是隨着现代社会的发展逐渐形成的。而且现代社会的快节秦也导致了此问题。年青一代喜欢有变化的生活，还喜欢赶潮流，反而长者却跟不上他们，所以自然而然地减少他们之间的对话。这样一来，他们之间的距离也渐渐远了。
 目前，在两代之间存在“代沟”问题的主要原因，就是“对话”不足。由于他们具有不同的生活方式、不同的价值观念，他们认为没什么可谈的。虽然开始了讨论，但是一下子面对不可踏越的啬，因此人们放弃要互相了解的念头。
 依我看，如果真的要解决该问题的话，无论晚辈，还是长辈都得努力。既然互相有着不同的观点，两方都得向对方表示意见。不过这时候，不可只主张自己的想法，应该有肯接受对方意见的态度。如此，互相让一步，面对双方的话，会没有不可能理解的。
 还有传媒也要担当一些工作，就是播出各种节目来帮助两者了解双方的立场。这样能解决此问题。",80.0
200307109525200624,"
 我认为不挨饿还是第一位。生命比什么都重要。怎么讲健康也没有生命没有意义。一想到挨饿的人，就感到难过。如果有人没有东西吃的话，我们应该生产多一点，给他们分配就好了。
 但是我这个人在发达国家长大了。所以我周围总有丰富的食粮。现代人对健康非常敏感。在我国没有饿死的人。这样情况下，如果有了绿色食品和用农约做的食品的话，我还是选择绿色食品。最近，电视上或各种媒体上我们能看到对身体不好的報道。当然对环境也不好。我想起来这些報道后、我觉得很恐怖，也不想吃用农药做的东西。我一去超市就不知不觉得选择绿用食品。
 当然挨饿是最大的问题，但是现实我们也要绿色食品。所以我想应该准备二种方式来生产。应该先看世界上需要的食粮量是多少、然后再考慮绿色食品要的人多。于是国家之间分配生产量和产量方式用这种方式做食粮的话、可以满足饥饿的问题、也可以… 
  ",70.0
200504534533250098,"我觉得在学校里不须要分男的或女的，都是在一起学习，何况在小五的时候学生们都会学到人体方面的形成和人体的来源，我觉得不须要觉得不好意思。
 为什么在中学生大多数的人认为须要班，因为他们在这时期中，他们对男女方面的生理有很有兴趣和好奇，只要在家庭里须要让他们知道不可以在这个时候和你的不同的性别发生关系和有身体的接触，因为在这个年龄不适合这样做。並且在家庭教育中很重要，生为家长我们应该和孩子解释清楚，就把他们丰身当做列子，他们是怎样会来到这个世界上的。
 我觉得很重要，如果他们知道了知后，就可以不必要去常试和另一性别发生关系，可以减少学生问题。
 如果是分班，他们迟早还会是不同的地方接触到不同的性别，我还是知得分班不好.
 我觉得在什么场合上都会接触不同性别的人，如果分班可以减少早恋的话，那么",65.0
199508683519100507,"回想起，小时候家境贫穷。度过了六年的免费小学教育。一九七二年进入中学初中一年级，那时每个月都得交学费，又须要买课本及其他用具，实在好难捱。开始几个月，每次班上最迟交学费的都是我。班主任因每个月期限到时都得向校方交差，而因我的缘故他都被校方催得烦极了，所以时常责骂我，也说了好些难听的话。过了几个月，他终于忍无可忍，有一次，在上课时间里，命我离开课室，叫我走路回家把母亲带来学校去见校长。
 和母亲一齐去到校长室，我感到实在很委屈、自尊心也觉得受打击，真的好想哭。心想：“贫穷并不是罪，何必这样对待我！我也绝不会永远处于穷境中。”幸好校长（宋××老师）是一位明白事理的人，听了母亲的解释后，了解真实情形，又检查了我的学业状况，即刻叫我填写了免交学费的申请表格，也当场批准了。
 就这样，我很安心，也很顺利的完成了大学先修班以至学院的生涯。
 虽然宋校长已去世多年，他的关怀与支持，仍然深印在我脑海中。 他为教育奉献了一生，影响了我今天在社会上工作所抱的责任观。",90.0
199412123529100017,"我的父亲是一个华侨人，他的家乡就汕头，他在泰国出生的。因为我的爷爷从中国逃去泰国的时候没有钱，所以我的父亲从小就要开始工作，他只八岁就去当徒弟修自行车。后来发生了第二次世界大扙，他就没有工作，等到世界大扙结束以后他就开始修自行车，后来因为随着经济的发展，开始有汽车进口，有汽车了但是那时候没有人修车，所以我父亲就开始修车了，后来他不做了但是他还不到十八岁就开货车，开公共汽车。
 我父亲很用功，也会节约，他二十岁左右就跟我的母亲结了婚，我母亲本来在市场卖菜，他是一个很漂亮，善良的姑娘，也会省钱，
 他们结婚以后，开了个体户，为了顾客修汽车，他们还有的士，等等他们的生意越来越好，省了钱就买土地，时间长着呢！土地的价格增加好几培，我们的生活就好多了。
 我能学习得很高就是我父亲，我的生活很好就是我父亲，我的道德很好就是我父亲，我能来到中国学习就是我父亲。",65.0
200110540540250031,"每个人都有一个童年。童年的幸福与否，都是以个人小时的生活环境而不同。我在童年时家庭经济並不富裕，爸爸只靠卖火炭为生，但是我卻有一个幸福的童年。
 我在家里兄弟姐妹排行最小，在我之上有五个哥哥，所以我是小妹。小时父母在家里最疼的就只有我一个，有些亲朋戚友来家拜访，都称我为爸妈的掌上明珠。他（她）们之所以这么说，也真有道理，因为我从小家务也由兄长们代劳，而有好吃的都留下给我吃，衣服也尽可能给我买下最漂亮的，所以，那时候我的朋友也特别多。
 记得我七岁的时候邻家的小孩来邀我去玩。我们就在屋后的小巷，玩煮饭菜，就点起火来，刚巧那天妈妈晒床单，不知怎么，我们玩的那把火却烧到床单上。我们一群人，有的大喊大叫，有的却哭了起来。那时我急中生智，一把就把那件床单拉下来，用脚出力的在那件床单上乱踩，结果就把火给踩灭了。才没有引起火灾，真是不幸中之大幸。
 自从经过那次的惊险以后，我们就再也不敢玩那种玩意儿了，我的心里逐渐成熟了，对事还必须也能分辨好坏，所以我在童年是一个好闺女，真到现在我还留恋着我的童年生活。
  ",85.0
199904123542200028,"我在生活和工作中总要遇到许多困难或挫折。我对总个问题有一的体现。
根据我自己的亲身体会我认为想□□是从哪里出发的呢？还带给人们什么样的感觉都是不一样的。如果我遇到这种情况就慢慢想怎么样去克服它，对带它，呢找出最好的办法来解决。不要一遇到它就唉声叹气，怨天尤人，从而变得一蹶不振，从这个情况他可以说明这个人很怕遇到困难或挫折，一遇到他就不会怎么样解决，想不出的办法就更害怕了。这样的人一定不能在社会站住脚不能自利更生。还有一种人不怕困难，不怕挫折，能够从失败中吸取教训把挫折变成动力从而成为生活的强者这是最好的。我也同意这个看法。因为你想做什么事情想达到目的一定要遇到很多困难和挫折才能成功。我本身想没有成功的事不经过困难或挫折 
从这个方面来说不管做什么事情都不要怕不要唉声叹气，怨天尤人而自己一定找个好办法去做，自己鼓力自己，不要一看就害怕，不想面监这个问题是永远不能成功的。我也遇到了很多困难和挫折可是要靠自己的本领和自己的想法， 在困难情况去克服它。□□总想着失败是成功之一的。在失败里边也成功从而我遇到了什么困难也不怕。",70.0
200307109523200141,"
 我跟妈妈常常去买菜。卖菜的人都说有些是“无农药”,绿色食品“。我和我妈以看那些菜跟别的采比quì是新鲜。但是妈妈听了价格后就摇了摇头。我知道对身体好的zhǒng是quì但这价格太高了。然而自己心里想“如果我是科学家，我要发明不用化肥和农药而得到高的产量的方法。”这zhǐ是我的想法但如果真有这种方法那gāi多好。
 我认为“绿色食品”和不挨饿中不挨饿是第一位的。因为我们现在吃的食品都有一定的化肥和农药的。这是我们现代食品的事实.我们不能因为健康而挨饿。yóuài是那些没有东西吃的
 （ ）",60.0
200304522522250011,"有人问我：静音环境对人体有危害吗？他问得很好。我就会不疑地回答：会有影响。
 因为，在我的家庭里，我是独身女。白天父母上班。整天都不在家。家里只有我一个人。那时，我心中有怕得无话表言了。记得！一个星期天，那天是我隔壁家有丧事。爸妈去丧家问长问短。我一个人在家里着。因为我不敢去丧家，怕到晚上这屍体来闹我。只好在家留着。那时，从厨房里传来了沙沙的声音。我以为是我不去丧家，所以屍体气愤得来闹我了。我越想越怕。该怎么办呢！我鼓起勇气，轻轻地向厨房走去看。但什么也看不见。我怕得要死了。真的来闹鬼了吗！我拿起数珠念佛经。但那沙沙声还在不停地响着。我也不停地念经。我全身出汗。头发也翘起来。还起鸡毛皮。最后我昏倒下去了。我刚醒来的时候，就有点疯疯颠颠地躺在床上，然后慢慢地觉醒过来了。那是，我马上告诉妈妈。我被闹鬼。但妈解释道。不是闹鬼，而是妈在厨房里晒衣服，忘记收这衣服。那沙沙声就是衣服被风吹时响来的。啊！原来如此。
 但那静音时我怕的感觉是无法表言的了。所以我是说静音对人体有影响。",65.0
200505109542200527,"“萝卜青菜各有所爱”，每个人都有每个人的看法。每个人看一个问题都有不同的观点。父母是孩子的第一任老师是一个很好的主题。我对这个主题很感兴趣。下面我想谈谈我对这一问题的看法。
 父母是最早对孩子的成长产生重大影响的人。确实是这样。你们知道吗？我们刚出生到上幼儿园那时，我们的头脑像一张白纸。什么都不懂。小孩子不懂事是理所当然的。再说，刚出生的时候，我们见到第一个人就是父亲，母亲所以父母对我们有直接的影响。他们的兴趣爱好，思想观念，行为举止，无一不是从幼年就开始在孩子心目中打下深深烙印。父母与孩子的发育过程有蜜切的关系。人与人之间，在一起长时间也会产生相似，何况是孩子和父母。
 总之，父母确实是孩子的第一任老师。所以我希望每个父母都要不断努力，完善自己。这样就可以做孩子的好榜样。",60.0
200307205525100180,"随着科学水平的突飞猛进，产量大々提高，生产效率不断加大，人民的生活已是非常的富裕，但随之也带来了种々问題,
 由于化肥和农药的大量使用，虽提高了产量，但给人本带来的危害是不容忽视的。种々不同程度的化学污染,都时刻危害着生命健康，从中出现了“绿色食品”——未经污染的加工食品。我认为相比较而言，虽然挨饿就不能生存，但如果吃了含有农药，化肥的物质，虽可暂时的填饱肚子，后果是给人的健康造成更大的不利.
 传统的中医认为，治病要治根，凡事要从抓源头开始抓起，要先整治污染源。所以，多生产“绿色食品”是解决问题的根本。
 关于如何解决这个问題，我认为应该先大量植树造林，不得乱砍树木、以免破坏生态系统.除此元外，在种植稻谷时，禁止使用危害健康的农药，化肥.有利保护好生态平衡。
 地球是大家的.近年来，由于人类进展所引起的污染问题日趋严重，所以，我们必须多关心地球，因为，保护地球就是保护自己。
 ",90.0
200307209519100052,"有句古话“民以食为天”。可以说，古今中外的人都是非常重视“吃”的。但人类的数量与日俱增，如何解决粮食来源问题呢？因此，为了提高农作物的产量，人类研制出了化肥和农药。这确实也为粮食不足尽了一份力量。可是，这两样东西为人类带来的后果却又是另一个重大的考验。
 农作物受到化学污染，给人类身体带来了危害。因此也出现了未经污染的农产品加工成的“绿色食品”。这种产品的缺点在于产量不高，需要花费更多的成本。相应的，价格也就比市场上同类产品高许多。这也从另一面说明，它是无法解决目前缺粮和减少摄取含污染食物的危机。
 因此，与其开发“绿色食品”，倒不如加大各农作物的产量，实在的解决粮食问题。而唯有通过立法，严格的管制农药和化肥的使用才是最有利的。毕竞、法重对于多数人来说还是有一定的震摄作用。当然，加大这方面工作的宣传也是很重要的。相信，双管齐下，解决粮食问题，增大产量就能为饥饿的一群尽一份微薄的力量。
 ( )",90.0
200505522522110006,"男女之间结交的方式有各种各样的，但终究还是离不开一个字——“缘”。任何事情都离不开这个字。婚姻是注定的，虽说不能够强求，但如果对任何的机会都把握住的话，並不是不可能的。
 某些男士与女士或许会有一些“单身主义”者，但对于传统观念“男大当婚，女大当嫁”之下还是得把自己的原则给改了。但是对于这些人来说，他们即然有这种观念下，他们是不会自己来自己的另一半的。所以这方面就得交给他们的父母、亲朋好友来做了。他们会尽量找一些年纪想称的人呀，请媒人帮忙呀，或者是相亲呀，各种各样的方式都有。当然这种情况只是会发生在不愿意拥有婚姻的人。
 我有一位朋友在某家饭店的时候见到了一位今他一见钟情的女子，开始他还不敢追求她。但在我们支持下，他终于鼓起勇气追求了她。没想到的是那女孩竟也对他一见钟情，但因为是女性的关系不好意思。即然“郎有情，妾有意”最终当然是结婚了。
 当然这种方式虽然不是最理想的，但还是挺浪漫的。我认为最理想的方法的如果您见到一位使您有好感的话，不妨试着先跟她或他做朋友，但一定要是说真话的朋友。这样的话他对您了解了不少，您对他也了解了不少，日後如果有缘的话成为夫妻时，遇到事情时就可以避免不必要的麻烦。",75.0
199909529529251014,"人在生活和工作中，一定遇到许多困难或挫折。小时候，念书，也要有耐性、勤劳、不畏困难、不怕挫折的精神，才能把书念好，求到学问，达到我们的目的。如果一碰到难题或自己不努力功读，而且又不詢求比自己知识更高的人又不向他（她）们请教，这样的求学法，一定不会成功，不能达到自己的願望的。
生活中，总有许多不如意的事，我们应该振作起来，不要气馁，从失败中及取教训，因\ue528“失败是成功之母”\ue529。不是唉声叹气，怨天尤人，我相信伩，总有一天，生活一定会转好的。
工作时，和别人相处，工作本身的问题，也是挫折。冈事方面；也得有感情，处处为别人着想，将人心比已心，这样一定得到冈事们的感情，对自己的工作，也许会有很多的帮助。工作气氛好，自己的情绪也有好的效果。
关於工作本身问题、困难。我们也应该抱有自动的精神，把工作作好，尽力去作，不得因错误而气馁，虚心请教，一定会把工作作好。还有工作精神，就是立刻做，要记住：今天是现在，明天是未来、希望不妨寄托在明天，作事情必须抓住今天，放过了现在，等待着未来，无论作事、求学，都不会成功的。
以上，就是我对於《如何面对挫折》的看法。",85.0
200405109525100291,"众所周知，吸烟的习惯对身体不好。而且，吸烟不仅对吸烟人不好，还是对吸烟的人的周围的人也有坏处。香烟的烟包含尼古丁、焦油等有害物资，所以如果周围的人吸引烟，他生癌、肺炎等病的概率成会高。所以，我认为，某市政府的措施是应该的。
 抽烟的习惯对城市环境也有不好处。如果吸烟者随遍地扔吸完以后的烟，城市的风景会不好看。而且、烟含化学物质，所以在路上不容易分解，市政府应该限制可以抽烟的地方、免得城市环境变不好。
 在我国首都、东京、从去年起实施在公共场所禁止抽烟的措施。如违反这条规则、违反人将被罚款。刚开始时市政府不收罚款。发现违反的人、市政府人员给他解释这条规则的目的、请他合作。过一段时间后、随地抽烟的人减少了，东京城市变成很干净的城市。
 看这个过程、我觉得试卷上的短消息中的某市政府、也要像东京一样开始实施。为了达到禁止抽烟的目的是保持市容整洁，帮助青少年养成良好习惯的话，市民和青少年的合作、和了解政策目的是不可缺少的。",75.0
200405109523100952,"吸烟是一种危害人的健康的因素之一，吸烟对个人是一种喜好，但是一但开始吸烟，就很难戒烟，烟里含有很多有害健康的动西，严重时可以让人死亡，大多数人都是只是想吸一次而染上的。就是那些有毒的动西让人理不开烟，所以你虽然知道，烟有害人的健康，但是因有了这有毒的动西，你就很难戒烟了。
 但是人们知道吸烟有害健康，为什么去买烟，卖烟呢？因为买烟的人是染上了吸烟所以去买，但是为什么国家不能不让卖烟呢？是因为“烟”是国家经剂主要来源之一。因为买的很多，所以国家也不想把经剂来源给弄段了。所以这些买烟的人和卖烟的人是控制不了的。要是这样，那有没有办法让烟少一点害人呢？
 办法是有的。现在很有烟的公司开始生产了一种去掉有毒的动西的一种产品，如果吸烟者用这种的产品的话，会会大大减少因吸烟死亡率所以我认为大多数人用这种动西的话，就可以吸烟放心一点，而且国家的经济来源也会多了一种。就能达到“利国利民”的作用。",65.0
200405205633100163,"众周所知，吸烟是一个不好的习惯。吸烟不但会影响你个人的健康，而且会影响你周围人们的健康。因此禁止在公共场所抽烟是合理的，这是理所当然！但是对一个吸烟者来说有时这个规定是很难接受的。
 在我的国家——意大利，中央政府对抽烟者“宣布战争”，在所有的公共场所抽烟是非法的，而且罚款很厉害。我是一个吸烟者，现在我只能在我家里抽烟。每次去外面吃饭，吃完以后，我得去外面抽烟。我有时觉得这个措施太过分。餐厅只有我一个人也不可以抽。所以我常常宁可一个人在家吃饭，而不要和朋友一起去外面吃饭。
 我知道抽烟对身体不好，但是我有时觉得不能享享我个人的乐趣是不对的。何况，我觉得每个公共场所也应该有一部分可以抽。这是比较公平。",85.0
199605104523200036,"这个故事给我们讲着关于责任的问题.和尚一个人生活的时候，他觉得抬水是他的事儿，如果他不去山下抬水的话，就不能喝水.虽然出山下抬水是很不容易，但他觉得不太难.因为这事儿有关自己的生命.
 但两位和尚出现以后，情况就改变了.他们三个人都回避抬水的责任.我可以知道他们三个人的生活越来越不方便.
 现代生活当中，我们常常遇到这样的情况，比如我学校旁边有一条小路.可是没有人关心这条路。所以越来越pò坏了。如果个人各自都想这是自己的事儿，不能放弃这样。
 为了更好的生活水平，我们个个人都关心共公道德，这精神是对人类最重要的。我们应该有责任意识关于共公观念。",55.0
200405204525200334,"我觉得这个惩罚措施是很好的规定。我也在公共场所,如果有人所边走边抽烟的话,一定会很讨厌。
 在中国，青年的抽烟率非常高，而且在世界上也中国是个抽烟者最多之一。这样看来，尤其是对年轻人很不利。听说，法律上也没什么规则。所以少年，甚至是小学生也容易拿到烟包。这样类似的问题，在电视上看过了很多次
 我很难以接受不少人到处都会抽烟。这些人可能缺乏文明，要从新改下自己想法。所以我很赞成这个惩罚实施。
 对抽烟者来说很难以接受这个措施吧。不过想到自己身体健康，还是对自己也有好处。
 我知道，被吸烟者比吸烟者的害处更厉害。比如，在你的家庭有人吸咽，在旁边坐的不抽烟的人受到的害更严重了。这样遇然的话还好可在家里每天不免碰到不抽的家里人。吸烟者一个人偷偷地吸烟的话还免得影响到周围的人",55.0
200504534533250010,"男女混合式教育已实施多年，许多学生都适应了这种学习方式.但近年来，由于中国改革开放，西方文化流入，学生思想开放，所以令家长担忧.
 我本人觉得学生不应该早恋，但是男女分班並非是解决的办法，这並不能阻止男女同学的交往。
 在中学时期，男生和女生在生理上和心灵上正起着变化，他们对異性产生好奇是自然的现象。在这个时期，我们应该给他们机会交流，同时瀼输正确的价值观，让他们了解求学时期应该以学业为重，男女之间的恋情应该等到毕业后才做打算.
 反之，如果我们坚持男女分班，令他们反感，他们或许会与我们背通而驰，后果也许会不堪设想.
 今日的社会与以往不同，年青人会以语言和行动来表达自己的思想.我们不能一味坚持己见，而不顾他们的感受。我觉得男女混合式或分班式教育可以同时进行，让家长和学生一起决定，这可以免去不必要的麻烦.",80.0
200205209525100045,"我认为“安乐死”就是人命的尊嚴的问题。我外婆以前生病住医院。她是中風来的。后来她吃止痛药、可是这个药引起副作用。她的腿骨溶掉了，医生说要手術，后来手術失败变成她的左半身麻痹了，然后一直在医院的床上7年了。前年暑假她跟我进她想死。但、我不知道应该怎么办。两个月后她就失去了。她的痛苦是7年。而且七十岁开始七年。没有病也八十岁差不多地死。她的最后七年是真的很惨。可是我心里有两个想法。一个是想给她死，另外一个是因为是我所爱的外婆所以长一点时间我想她活。
 去年我家的猫死了，十九岁。猫的话算是长寿吧。她死因是脑硬塞。死的时候看起来很痛苦。我们看她真的受不了。后来我妈打电话给医生、求他给她“安乐死”，可是医生罵我妈说“她十九年給我们幸福，十九岁的猫吗？，給她安乐死是太失礼，太过分了”。我发觉还是安乐死是不对的。因为我觉得连猫都有尊嚴。况且人呢？可是我觉得不要用机器来强制他活。这些机器要关掉、要给重病人“尊嚴死”。而且我期待医学的更好的发展。",65.0
200510111523101280,"流行歌曲有非常多听众。我也是一个非常喜欢流行歌曲人之一。自己喜欢的流行歌曲自己来选听，日常生活当中 可以收到很多的庄力. 工作的人学习的人应刻都有.
 有工作的时候在家里或利动中也都能听流行歌曲，这时可以忘记复杂的事，可有开心我看这种方面，喜欢流行歌曲听歌，有很多好处。但是不知道中国怎样。我在韩国的时候看过好多年青的学生尤其是学生喜欢名星的程度实在太过分了，白天不上课，为了看自己喜欢的名星，等了很长时间，
 甚至等好几天，学生应刻要学习，当然不能整天光做学习。但自己时间的全部用在追名星可以说时间白过了。
 如果没有喜欢名星或流行歌曲的话，没有人chang歌不能听歌，我们的生活更没意思了 
 所以说流行歌曲对我们生活来说不可有不可无的。喜欢听歌对人们一定有好处，不过分的话，我觉得没有环处，对人们的情xu也好所以喜欢流行歌曲的问题，不能说环事。
但是应刻有自己的节制才好事，所以我也喜欢流行歌曲。",65.0
200405204525100355,"首先说我也是吸烟者之一。所以我写出对我这样吸烟者来看的想法。
 最近在世界各地进行吸烟的规定。我想这项规定不但是保持整洁，帮助青少年养成，而且对人伤害也有效。我这么说是因为我在小时候走路时，有吸烟者从前方到我这边走了。那时人太多，他不管人怎样,随便地吸烟了。他在走过我时，他没注意到他的烟碰到我头上。从那时候开始怕走着吸烟的人。这样被害者应该注意自己的周围是不相当，也可以说不公平。
 吸烟大家都知道除了对自己以外，对别人也有害，而且对孩子更有害。影响也是不好的。但是我也有时候不禁很想吸烟就吸烟的经验。确实我认为这是不好的。",50.0
200505109525100037,"我同意“父母是孩子的第一任老师”的看法。孩子出生以来，特别是婴儿的时期、离不开他的父母。跟父母天天接触，当然受他们的影响。从语言开始，此后的思想和看法都从父母传给孩子。所以，对孩子最有责任的就是父母。加一些人的话，除了父母以外，常接触的亲人也给孩子影响。
 最近社会上发生有些问题。打个比方，在日本有一个小学六级的学生用刀子伤了同学，专家们分析到，因她的父母工作忙很少接触他们的孩子，所以从小开始不太了解人心和特别只想自己，这样形成的性格的原因在于她的家庭状况。
 我认为，父母毕竟是孩子的第一任老师，应该给好的内容。如果爱孩子的话，孩子就知道怎样爱别人。如果信赖孩子的话，孩子就知道怎样信赖别人。
 我担心的是，随着经济社会的发展，人们越来越重视钱。父母有那样的价值观的话，孩子长大以后重视什么呢？为了孩子，为了后代的幸福，我们应该意识到自己的价值观。我们应该成为很好的一任老师。这是我的看法。这样下去，世界肯定变美。",70.0
200510111523201572,"我上高中的时候，非常喜欢流行歌曲。学习的时候，睡觉的时候，甚至刚起床以后马上开音乐。但，我当时喜观的流行歌曲现在不太喜观。因为听起来有点儿不舒服，有点儿士还有音乐的迅度太快，所以我觉得有点儿别扭。像这样，流行歌曲是过很长时间以后，再听一听时有点儿奇怪。除了这点以外。流行歌曲可以交流跟着有同语言的外国人。比如说，最近在中国很红眼的rain。通过他的流行歌曲我们可以使中国人了解韩国。韩国文化等等。同时，我们也能了解国。
 流行歌曲一般反映了当时的时代情况。时代的社会发展越来越快也流行歌曲的风度也变化了。以前的流行歌曲大部分都是比较慢，现在呢以前没有的形式的歌曲继续在大众面前出现了。
 关于流行歌曲，每个人的看法都不一样。总之我对流行歌曲的看法是它可以给我们幸福。可以了解到别的国家的文化。
 我们得把流行歌曲继续关心。不要只蔑视流行歌曲。",60.0
200005108523100624,"我是一名面临着高考学生，现在除了学习一切都是我应该敬惕tì 的对象，由于我家在市内的大路边上，噪音很多，使我不能集中在学习上，所以我为解决噪声问题想了很多。我终于想起好办法而提出建议。
 我的建议是用自然之声代替噪声。例如，我们每天能听到的刺耳的汽车声换成大海的波涛声，天天在家或工司里不停得响而恼人的电话铃声换成小河的流水声。
 我认为这样做对人们有很大的利益。首先，对人们的身体好，自然的声音是人们非常喜欢的声音，不官何时听使人们感到非常好的感决。比如，有一天dǔ车，有位司机不停的发出喇叭声让前面人车开的快点，这样前面的人也着急车开的过快而容易发生事故。可是喇叭声换成波涛声使人们听完这声也不能太刺激人。所以这样做也可以减少交通事故。
 我认为我的建议可以解决很多问题，因此我希望人们深该的考律我的建议，而能实现我的小小的愿望。",65.0
199610802801200024,"随着经濟的發展，人民的生活水平提高，年青人结了婚通常也组織自己的小家庭、不与父母同住，也就形成了年青人很少时间关心父母親的起居飲食，甚至連講話的时间都幾乎没有了，这也许是现代生活的代价，亦形成了老一代和中年一代的「代沟」问題。
 至于中年一代与青年一代的代溝问題多半是因为父母整天忙着在外工作，無暇照顧孩子，往往以爲盡量滿足孩子的每样要求，就是痛爱他们，或在另一極端有些父母爲孩子是父母的附属品，可以任意打駡，或把父母的地位放在高高在上，使孩子遇到问題時因怕父母的責駡而不敢提出，这也形成中年和青年两代的代沟，也是當今的一個嚴重的社會问题。
 其實人与人之间的相處貴乎坦白，貴乎互相諒解，互相关心，没有一個是全对的，像年老的父母很多時覚得年青一代太浪費，認为东西越舊越好，而年青人觉得應破舊迎新，但如果两代能找个中间点，两代双方各讓一步，那麽问題就容易解决了。
 孩子一代的青少年，也應凡事無論大小，也提出与父母商量，爲畢竟父母的人生经驗較为丰富，生活的经驗也多，要聽取他们的見解和意见，如有分歧的地方，可提出来討論，几事都留餘地，把父母當成朋友看代，这样定可大事化小，小事化無。而父母亦當了解孩子心理和生理的需要，给予時间了解他们的内心世界，誘導孩子參加有益身心的民娱体育活動，使能得到身心平衡的發展。
 综合以上的方法，相信定能老、中、青三代能和洽相处，每人都有一个快樂的家庭，有着健康活泼的下一代，共同创造美好的將来。",85.0
200205204525100177,"我基本上同意“安乐死”。因为我想人民大家都必有一个权利——就是选选“死”的权力。
 可是“安乐死”有矛盾。如果这个病人一直睡而不能醒过来的话，谁能选择“安乐死”呢。也可能他的爱人，也可能他的女儿们。这样的话，大家都不知道“安乐死”到底是否一个权利。
 世界很广阔，也可能有很不好的人。我觉得不好的人里也有很聪明的。如果他的爱人是个财产家，也可能他让他的爱人吃毒品。爱人生病后，他杀死他爱人的话，谁能证明这件事不是“安乐死”呢？
 我的意见是早一定制定法律好。不过制定法律之前，我们必须关于这个事进行讨论讨论，看看别的国家的情况。
 选择“死”，选择“活”——都是人类的最基本上的选择。所以我们应该认真对待这个问题，早一点解决“安乐死”的问题。否则的话，将来我们肯定有了更深刻的更难解决的问题。",65.0
200105204525100122,"半年前，我们公司放假的时候，我去了杭州，我去那里过了一个星期，看了很多名胜古迹，特别是杭州西湖边的风景，这里的风光给我深刻的印象。
 在日本的时候，已知道杭州的名字，我心理的印象就是“上有天堂，下有蘇杭”，象天堂一样的杭州在我眼前出来的时候，我非常感动了，新鲜的空气，各种各样的绿花，很漂亮的山水都这里，杭州的自然就是风光无限的。
 平时，我一直在上海，天天在大城市里工作，因此用这样假期机会离开上海，而且跟中国郊外的自然接触，这样时间会让我放松的。
 杭州的另一个特点是亲切的人们。那时候我在路上遇到很多不方便的事情。但他们帮我做，有的人帮我当导游，这样人们也给我深刻的印象。
 我在杭州找到很多朋友们。我们的友谊也不会结束的。",70.0
199500533533200021,"人生的道路上,是崎岖不平的；而影响人的一生也有着无数的原因。
 还记得童年时，我是一个即顽皮又不听话的孩子；在家好吃懒做，在校不是作弄同学便是破坏公物；出外更是无所不做；经常受到师长和父母的责备。
 这一天，放学后我又到百货公司溜达，发现陈列架上的卡带——是张学友的，便来一个顺手牵着，放进书包里，然后往出口处溜，没想到一只举巨大的手在我背后一捉，当我回过头时，我发觉保安人用严厉的眼光命令我进办公室，当时我实在惊惶失措，这回准上警局了，“坐牢！坐牢！”心中无比的恐慌。正在这时我的级任老师——张美萍却递了一张条子给保安人员，原来她己看见一切，并为我付了钱，经解释后，我才安然无事。
 张老师在我心目中是一个平凡人，但在这次的事件中，她却影响了我的一生；事后她不但没责骂我，还带我去购物，常到我家，每回她都给我讲名人的故事、成功人物传、人生处事的原则、伦理、道德等等；在的薰陶下，使我这个顽劣的学生慢慢觉悟，同时开始走入人生因走的道路，使我在学习领域里钻出茅头。
 正当我行结业礼当天，一个睛天霹雳的消息传来，张老师为了趕来观礼，而被车撞死了。这一个事实，我实在不接受。不过张老师您的教悔、训话、引导……这一切使我终身难忘；您可亲、和蔼、关怀、爱心，是我的典範，我将以您作人生的指标，负起教育下一代的责任。张老师，您安息吧！",90.0
199500533540200105,"我非常怀念我的爸爸。爸爸是在一九九〇年九月中旬过世的。他死的時候，我不在他身边。这件事，或許將使我终身遺憾！
 我怀念爸爸，我爱爸爸，因為他给了我很多，也教会了我很多。我在兄弟姐妹中排第七，是满女。这么多的子女，对爸爸妈妈实在是一种极大的負荷。但是爸爸妈妈一視同仁，不分厚重。爸妈識字不多，只是中国唸到三、四年级。但是他们认识到讀書的重要，竭尽所能供养我们讀書，除了大哥中学毕业后不得不要放弃学业帮爸爸卖魚，我们七个孩子都唸完大学。
 我曾想过：如果在我出生的那一天夜里，爸爸不敢冒着生命危险去找接生婆為妈妈接生，可能，这世界上就没有我这个人了。那時正是日本侵佔印尼時期，他老人家在深夜里走出家门，碰上日本人，凶暴的问他為什么在深夜出门，爸爸说明原因，請求放行，但是日本人蛮不讲理，一直不准，爸爸一直解释求情，日本人可能被他吓倒，不甘心就此讓他走，狠狠打了爸爸几巴掌才放他走，可怜的爸爸，為了即将出生的孩子，遭到日本人的毒打。
 記得我唸小学時，很調皮。又懒惰。爸爸见我学习不好，放弃了他午休的习惯，搬来他的“太师椅”坐在飯桌边，要我把早上学过的東西重新看一篇，要我默讀一篇汉語課文。起先我只是摇头晃耳做做样子，可是爸爸严格要求，我不得不驯服了。現在想来，我之所以有勇气此地参加“汉語水平考試”，其主要原因，是我從小学五年级开始就有了一是的汉语基础，比我同龄的儿童、甚至更高年级的同学更好。爸爸一直提醒我们要努力学习，尤其要好好学中文。為了便我们能更多更好地学汉文，更多更深入的了解我们的祖国，他还替我们訂了‘人民画报’等刊物，買了好多中文书。
 爸爸又叫我们处世之道理，他把自己在经商失败后经受的亲人们的冷嘲热諷，視之為一个教訓，要我们在人生的道路上，不要自满、不要轻侮他人，要我们姐妹兄弟合睦相处，不论在什么時候，不可為金錢而“相残”。
 爸爸留给我的東西太多了。他病危時，要我们好好生活，照顾妈妈。想不到那竟是他临终之言。
 爸爸，我一直怀念您，是您的良好的品格影响了我，是您的无私的爱激励我们努力学习，好好生活！",95.0
200505680519250003,"在这个日新月异的时代里，社会上不同的男女走在街头上，可说是形形色色，男女之间的关系从古至今对我来说有很大的差距。那也就是说从守旧保守到自由恋爱的一段路程可真不容易啊！我认为男女最理想的结交方式莫过于一种机缘了。
 我相信缘份不管对男还是对女都是相当重要的。因为男女之间的相识原本就属于一种机会。是机会造就男女之间的相识，不过尚未深入一层的认识、了解对方。但是如果男女对方都和眼缘，认为他或她就是生命中一起走的伴侣，那就是缘了。
 有时，我们也无法解释缘份。因为通常男女之间的关系从相识到坠入爱河有时是不能用言语来充份表达。一对男女的真心相识到相爱是无法解释的。只有一个原因，就是真爱没有理由。
 不管是经过人介绍，青梅竹马还是一见倾心都不成问题。最主要的相识方式是缘份到来时，男女之间关系是无法被拒绝的。
 一对男女无论在何时、何方，只要是你的就阻挡不了.不是你的千里相遇也不相识，只要缘份到了，男女之间的结交是不能停止下来的。唯有进展恋情直到步入礼才是男女继续结缘的途径。最佳的男女结交方式如果没缘也就是不会开花结果。时下的男女，请珍惜自己和某某的缘啊！真缘的结识是多么可贵啊！",80.0
200307204523100018,"我个人认为，不挨饿是第一位。因为世界人口越来越增加，但是粮食缺少所以有些人甚至饿死。用多量的农药会倒致农作物的化学污染。但是买这些农作物之后在家里洗干净的话会预放。
 为了人们的健康只造“缘色食品”会倒致农作物产量的降低，农作物的价格随着提高。无线.比较究的家庭会很难买农作物，会引起挨饿人的增加。有可能会出现饿死的人。
 再说，如果农民再努力管理农作物，购买者再讲究卫生的话这个问题能解决。不要把农作物的价格提高让百性生活困难。
 但是，最好的办法是把“缘色食品”和“非缘色食品”共存的。比较富有的家庭买“缘色食品”一方面保健康，另一方面让农民得到比较高的受入。比较究的家庭买“非缘色食品”不影响自己的受入。
 由此可见，此问题并不容易解决。该要农民和百性双方都要合作，才能解决的问题。也要有不断的研究，也要人们的关心。
 （）",65.0
200505209922100152,"随着经济发展，家庭的构成员也变化了。但，至少家族的最基本构成员—一父母是必然存在的。我们可以说，“父母是孩子的第一任老师”。
 孩子从出生之后，甚至还没出生的那时候算起，一直在父母的宠爱之下而成长。所以父母的一切行动、语言、思想观念、爱好等等都会对孩子有巨大的影响。这就是因为人的性格和思维等个人的特征是周围环境的相当部分影响下形成的。可以说父母的特质也会影响到孩子的特质。
 孩子是我们的未来。总而之言，父母的好行为，好语言内才能养成好孩子。所以父母始终需要小心一点说话，小心一点行动。
 我认为，这样的情况下才能保证我们的未来，我们的孩子。",55.0
199604124523200150,"“安乐死”究竟可不可取？ 我认为是真好的方法。我认为这种看法对的原因有两个部分。一个是真正为了病人的痛苦，一个是这样勉强活下去对家人没有好处，而且更难受。其中更大的原因是前者。人不是植物，应该靠自己的身体，脑子来行动，思考。
 任何国家大部分不允许安乐死，也可能防止不良行动的发生。也可能让病人得太惨忍。我觉得丈夫让妻子这样活下去更惨忍。因为怎么能看妻子痛苦的日子，而且好象傍观快要死的样子。我认为丈夫做得对。这种作法真正为了妻子，因为这样做的行动才有爱情的。
不应该受到法律的制裁。",50.0
199605104523100027,"根据作文试卷的内容，我们很容易想到，谁都不要自己做麻烦的工作。结果呢，每个人都得不到自己需要的。
 现在我们生活中，容易看到这样的情况。比如，假如趁休日，同学们一起去旅游，带去的东西很多。这情况下，没人愿要扛着行季。无论平常生活、国家大事，都有这种情况。
 我觉得这种情况的根本原因是，首先缺乏积极性的。第二个原因是只顾自己不顾团体的观念。
 社会是由个人、团体而成的。应该保持社会规律。互相帮助、互相尊重。这就是社会发展的营养素。
 目前，在世界各地发生了战争。□战结束后，又发生了战争。为了自己国家的利益，侵略别的国家、杀异国人民，这行吗？
 总之，我主张，不尊重别人，别国家，不能得到自己的安宁。如果，我们不是这样，结果是可能三个和尚一样。",60.0
199704124525200319,"我在大学的读书时，在一家书店打工过。当时我才18岁，而且第一次参加劳动，所以我对工作什么都不知道。开始工作时，我跟着一位上司学习怎样对待顾客。他教我很多服务方法。其中，他对我要求最严的，就是“微笑服务”。他让我什么情况下也微笑。对刚刚开始工作的我来说，这是很难做到的，而且很难理解的事。高兴时我也会笑，可是为什么不愉快的情况下也要笑呢？我觉得很奇怪。上司对我说，“这不仅是为了生意好，而且有更好的意义。”可是我不明白他要说的意思。
 有一天，工作非常忙，我很累，自然我的笑容也很不自然了。可是那时候有一位老妇人买书后对我笑着说，“谢谢”，为什么不知道我一看她的笑容时，心情突然舒畅起来了。我很惊呀。我那时候才知道，一个人的微笑会影响别人的心情。我也会用笑容来使别人的心情高兴起来。老妇人走了以后我把这件事告诉上司。他很满意地点头了。",80.0
199604123525100272,我如何看待“安乐死”。我以前在电视上看过“安乐死讨论会”。我认为“安乐死”是好的。法律上也不许犯罪是最好，并且经济上的问题也可以解決。我说“为什么安乐死好。”因为一位人得了一种不治之症，十分痛苦，我们也觉得使人痛苦。我很希望早就让他身体好，可是如果现在的医学上，不能治他的病的话，我认为“安乐死”这个办法也一种的治療的办法。大家都不想让他一直痛苦下去。如果他情愿接受“安乐死”，这个不是犯罪，而是治療。还有大家应该关心“钱的问题”。虽然大家愿意为他给钱，可是有限的。如果医生按法律让他勉强的活下去，可能要很多钱。可是大家为了他拼命的工作，得了大笔钱。这个是理想的，实际上没有那么容易。自然病人也为自己的病过分的考虑，过分的考虑让病情更不好。照顾的人也从早到晚去上班，下班后看他病情怎么样。过了一会儿，回家去做家务。谁会接受那儿苦。我希望不管哪个国家，都使用“安乐死”，都要承认“安乐死”。结果病人解脱痛苦，家人解脱经济的负担和悲伤。因此我认为“安乐死”是好的。,60.0
200304522522110017,"我認為静音对人体没有什么危害，據我了解當我们一個人要思考比較困難的事情时，就必须在個安静的房间裏没有声音的静静的思考困難问题的過程。我們才能得到正確的答案。
 如果說在静音的环境生活对人身的有危害的話，那麼居住在深山里的人其不是要短命據我所知居在高山森林的人反而比居在噪音繁华的城市里要常寿的多，一般在城市里居住的人平均寿命为63左右，而在居在冷静的深山人平均寿命都能高达75岁。
 所以对所静音环境对人体的危害说法我不大拈同，根據我的研究，如果一个人在完全没有声音的环境下，他可能就大睡，反而能修养精神。",60.0
200311956922250004,"学校是我们学生的可以玩和找朋友的地方.现在，很多学校开始进行男女分班的试验老师和家长们认为这样可以避免生生早恋.这样会让学生好好学习，不用去想那些没有用的事.可是早恋有什么不好的呢？比如说，我要是找到了一位我喜欢的人，他成为我的男朋友，这就说明我不会认真学习了吗？从一位学生的角度来看，我不会喜欢父母把我放到一个女子学校的。父母应因学到信lèn我们.就因为有了男女朋友不表事我们不会用共学习.这样对我们的成长和以后的方zhǎn有haì.
 在学校，我的英语老师让我们会家差一些zi liào，比一比男女分班的学校和男女不分班的考试结果.看分数来说，分班的学校会以不分校的分数要好的多。这是因为上课时，有lìn一个性别在的话，大家都会想这他们，看这他们，不好好听课。",60.0
200510111523100881,"最近年轻人差不多都喜欢流行歌曲，不关哪个国家的歌曲，其原因是，首先，流行歌曲是代表当代社会、文化的一和表现。再说，现代社会的老百性最想听的音调和最关心的内容（歌词）的组成就是流行歌曲。因为这样的原因我听这种音乐的时候感到现实感和同调感。
 还有，流行歌曲是年轻人之间最主要的话题之一。年轻人也一样拥有自己的社会，在这个社会上我们有独特的生活方式、思考方式。这样的我们的方式造成我们的文化之内没有共同点就不能交流，其交流的主要共同点之一是流行歌曲。
 我想非常蔑视流行歌曲的他们缺泛理解别人的心，流行歌曲也是一种社会文化，应该是了解。流行歌曲是一种文化，一种享受的东西。",75.0
200505109525200512,"我对“父母是孩子的第一任老师”这个说法不同意。我有两个主要的理由。
 首先，这句话暗暗地包括过去封建时代的概念。教师和学生的关系是固定的上下关系，学生必须要听而从顺老师说什么、做什么。把父母和孩子的关系看成教师和学生的关系，这个做法可以说，它受到中国传统儒教概念的影响。
 其次，这句话只是关注父母和孩子的关系，而不注视其他因素对孩子成长的影响。当然，孩子长大时父母对他的影响可能会最深刻的。但同时，他通过跟父母以外的人也会受到影象。例如：在幼儿园他每天跟其他孩子一起玩，这也是孩子长大时的重大因素之一。",55.0
200209550523250148,"随着人们生活节奏的加快，人们的思想和看法以及社会气氛的变化越来越快。因此产生了所谓代沟的社会问题。
 我们与上一辈之间产生代沟，主要原因在于两代人的生活方式和价值观念极大不同，我们上一辈人经历过很多磨难。这是社会给他们的无可夸何的事情。比如，韩国战争、经济困难等。所以他们只关心溫饱问题，在生活方面上，他们习惯于节约。而且他们那一代人的儒家思想根深蒂固。
 反过来最近的年青人从来不知道吃苦是什么。而且思想非常自由，他们非常接近最先近高科技的电脑等生活方式。
 所以这两代人关心的适题不同，自然很难沟通。如果这样的现象一直在我们社会上存在的话，我们的未来会如何？
 我觉得为了解决代沟问题，需要比较长的时间和很多的努力。从现在起慢慢开始努力去跟上一辈聊天吧1一起看同样的电视节目吧！这样从小方面开始，不论要多么长时间，不论要多大的代价，两代之间关闭的心怀将容易打开的。对互相关心，更努力了解，那我们会不用因这些小事难过的。为了建设好未来，从我做起吧！",75.0
200205271525200083,"“安乐死”是现代的一个难解决门题。可是我已经有一个意见。我认为“安乐死”可以取。
 可是、我认为应该要可以“安乐死”的条件。第一个是应该要患者自己的许可。第二个是应该要患者的家人的许可。第三个是应该要医生的许可。如果有这三个条件的话，我认为可以选择“安乐死”。
 目前、在中国的法律的内容不是这样的。我认为应该改变法律。因为本来一个国家的法律是为了人民的幸福的。从这个文章的例子看来现在的中国的法律不合适实际上的情况。原来没有那样的问题。可是技术的发展越来越快。所以法律也应该随着技术的发展。
 另外，应该谅解死者和家人的痛苦。法院也应该考虑实际上的情况和人民的痛苦。
 日本也有“安乐死”的门题。最近也发生了一个“安乐死”的门题。我们日本人也考虑这个门题。可是我已经有一个回答。为了人民应该改变法律。这个法律是应合实际上的。
  ",75.0
199605104529200161,"小时候，因家里不算很有钱，我父母又常忙于工作，所以很多家务事，如：扫地、擦地板、买菜、做饭等，都要由我们这几个兄妹们帮忙做。但那时候我们都还小，常常想推给别人做，结果父母親下班回来，家里乱七八糟。我父亲常说：“原来以为多生几个孩子会多有几个人帮忙，现在看来是一个和尚挑水喝，两个和尚抬水喝，三个和尚没水喝，孩子们不应只顾自己的享受，而放弃自己应该帮助做的事，把工作推托于他人，应该互相帮助，互相合作，我们的家庭才会幸福。”
 在学校生活中，我也常常听到老师教导：一个对社会、对集团有用的人，一定要懂得自己的地位、职责；应尽力把自己的工作做好，不能依赖别人，推托责任，要互相团结、合作。
 到现在，在工作中我常常想起父母和老师的教导，提醒自己要依靠自己，不依赖别人，别人有困难时，也要尽力去帮助、合作，只有这样，我们的工作场所才会有好的气氛，工作才会有效率，企业的整体也才会有好的面貌。",95.0
200510302523100054,"在世界上有着许多流行歌曲。随着年龄的不同，人们喜欢的歌曲都不一样。比如说，年轻人喜欢节凑比较快的歌曲，而老人呢？他们喜欢节凑比较慢的歌曲。 
 我觉得流行歌曲既有很多好处，又有一些怀处。
 对它的好处来说，人们听着自己喜欢的歌曲可以放松心情。我们在非常紧张的社会里生活，在这样的生活当中我们不可避免紧张的心态，在这样的情况下人们听自己喜欢的音乐会让自己的心情放松一些。
 其次，多知道流行歌曲会避免被社会淘汰。比如说，跟朋友们见面时，特别是年轻人很喜欢说流行歌曲。他们对歌手和歌曲非常熟悉。那么如果自己对流行歌曲没有感兴趣的话，在朋友的面前没什么可说的，所以致至被社会淘汰。
 相反，对它的怀处来说，流行歌曲有着较强的中毒性。所以对控制不住自己的孩子来说，容易达到痴迷的程度。
 总之，人们好好运用流行歌曲，千万不要滥用它。",70.0
200505205922100324,"“父母是孩子的第一任老师”这句话完全正确，我也十分支持此意见。父母对孩子的影响必然过大，影响到孩子的行为，倾向，并且孩子的思考方式。人家说，孩子们最小的时候，指一二三岁的年龄，对孩子的思维发展很重要。孩子在生活最初几年学的多于后面一辈子学的知识。这最基本的知识主要来源是父母。
 不过，说父母是孩子的第一任老师也不够形容其对孩子教育的重要性。一直到父母去世那时候，""孩子""要向他们学。虽然人生具有数多老师（三人行，必有我师），但是连其他老师综合的影响仍然比不上父母的。那么父母不仅仅是孩子的第一任老师，就看孩子所受过的影响，父母的影响也排到第一。
 父母与孩子特殊的关系也会产生很奇妙的现象。就拿我父亲和我大哥作例。我爸和我大哥没有在一起生活过。大哥生了以后，爸离婚了，和新的一个女人结婚，生了我。大哥在远地和他妈妈一起住。人可以说，因为分住，所以大哥不大会受到爸爸的影响。不过，你如果现在来他们俩比一比，你难以找到什么大的差别。按他们的习惯，行为，爱好来说，他们人是一样的，人生知己。难道人",60.0
199412104523100646,"一九七八年韩国东南部的一个城市国会议员竞选中发生了一大事件。一位没有钱的、没有背景的、老百姓选上了国会议员。他的名字叫XXX，当时四十四岁的年轻人，三个孩子的父亲，小工厂的厂主。——他就是我的父亲。
 如果让我说对我影响最大的一个人，我一点犹豫也没有地说出我父亲的名字。他本来是个一个军人，高中毕业以后马上参加韩国战争当了一个小军官，为了祖国作出了贡献，服完军役以后自己开一个小工厂。七十年代韩国政府的所有的权利被军事政权掌握的时候，他经常帮助民主化运动人士，被警察抓到了两三次，不过他坚决反对军事政权。当国会议员以后继续参加民主化运动，他为了祖国的民主化为了极大的贡献。不过，我从他收到的最大的影响不是他的对民主主义的信仰，而是他的孝敬。
 我还记得我十五岁的时候，我的祖母受伤，住院没醒过来十五天，那会儿我的父亲连一顿饭也不吃，在她的跟前看护了十五天。那时候我们家属都想：他的孝敬做夢也没想到，我父亲的朋友们对我说：你应该向你的父亲好好地学考敬。
 我离家都十年，每次回家都对我多么温柔，那么爱我，我最喜欢最爱父亲，而且我能告诉你们：对我影响最大的一个人就是我的父亲。",70.0
200405109523101000,"最近随着人们对身体健康的要求提高，在社会逐渐消失一些公害，尤其吸烟。
 吸烟对人体来说，确实百害无益的。吸烟的人和不吸烟得各种各样的疾病的可能性有明显的差异，这也是人们都知道的常识。不过有比这“吸烟”还要更不好的“吸烟”是“间接吸烟”别人已经吸后吐出来的烟雾，对和他在一起而不吸烟的人起更不好的作用。
 根据某市政府出台的一项措施，在公共场所抽烟的人将被罚款等，进行迄今为止对吸烟者最为严厉的惩罚措施。这种措施比较进行在人口密集的商业中心等。而且近来，在公共场所允许抽烟的地方越来越少了。该措施是为了保持市容整洁，并帮助青少年",65.0
199605104610100151,"“三个和尚没水喝”这个故事，通过一个很幽默的方法告诉人门一个有趣而严格的社会现象，就是：有时，一个人能作到的事情，几个人在一起不能作到了！
 一般人会估计，如果几个人一块能作更多的事，团结起来力量大多了。但是，实基上，在社会土，人与人之间关系很复杂。我们有时轻视互相帮助的好处，而想：你不承认我地位比你高，你不愿意给我面子，我就反正不理你。",50.0
199904123639100063,"俗话说：“失败是成功的之母”。世界上连一个人也不能找到他没遇到过挫折，因为挫折把人准备下次的挫折，人生的挫折没完没了的，在我国家有一种说法：“谁不知道挫折谁就不理解成功”。这句话一直在我的脑里。可能是这就是生活美丽！
这个问题一直被科学家研究，看起来这个问题容易,但是！？我觉得人在自己的生活中不要怕挫折，要可苦，要坚持下去。有的人接受不了挫折就得病，等等。如果我们要或不要也会遇到任何挫折，挫折离不开我们，到现在我遇到过形形色色的挫折，有时觉得这个生活真没意思，因为一直努力，还是结果失败，这个问题很难解决，所有的科学家也无可奈何！
最近我找到了如何面对挫折。这个道理象一个学生的情况。他总看书时害怕，觉得那本书很难，学不过来，学起时发现没什么；挫折也是这样，应该面对它，只要不怕，这样的话挫折在你的生活中就会减少。
比如，土耳其的以前的总统在自己生活中遇到了不少挫折，但是一直努力，就被土耳其人民选择了，我非常赞咸这类的人。
不管遇到什么样的挫折，都不要失望，只要努力就会得到自己理想，自己的目地。不遇到挫折就不理解成功！",65.0
200209550523250866,"现在我们生活中代沟问题是成了非常重要的问题。代沟问题让家庭和社会发生很多矛盾情况。我想有大两个方面来解决这个问题。
 第一是需要个人的努力。如果父母和孩子之间发生代沟问题的话父母和孩子都要有了解或者理解对方的行动。怎么做呢。先父母应该知道现在的年青人的想法和行伪是很正常的，还有他们的想法将会成为未来时代人类的普通观念所以父母有肯定的眼睛来看自己的孩子的生活方式。孩子呢应该要有了解前辈们经历的以前的生活條件和情况还有该认识长辈们也有了年青时代虽然他们外貌变老了可以他们仍然有年青的心情所以如果跟他们好好儿地谈话的话能得到很多有益的事了。
 第二是社会的努力。现代人不管长辈还是晚辈都很忙没有时间自己付出很长时间来了解对方所以社会的各各部门比如广翻电台等编jí关于代沟和解决代沟问题的节目来让人提供解决代沟的多种多样的有益的办法。",70.0
200505024634100375,"在孩子的成长过程他们肯定受到了格种各样的影响。但是毫无疑问，父母给孩子带来的影响不仅是最深而且是最重要的。
 我想一个人的本身是通过她的环境而形成的。童年的日子当中，一个孩子的周围环境就被她的父母控制的。对一个孩子来说这种控制到低会引起了什么样的影响呢？首先它会影响到孩子的道德发展。虽然孩子经常淘气，不爱听话，但是他们还是在父母的指导下学会什么叫“对”和什么叫错。难道这不是作老师的主要角色吗？
 父母教孩子的课不正式。母不会每天说“好了，现在开始上课！”。因此孩子从父母得到知识的过程是不知不觉的。因为孩子被动地去接受这种教育，所以这种过程的影响更深！
 父母也是孩子的棒样。从父母的生活方式、行为、解决问题的态度和方法孩也可以学会不少东西。我的父母也是我棒样。如是我有不能自己解决的生活困难，我首先肯定要去听他们的建义。
 同学、朋友和老师也有一定的影响。特别是青年时，朋友经会影响到我们的爱好和当时的态度。老师们也会影响到孩子的专业选择。于是也会影响到孩子的事业，但是在孩子的最敏感的时间，还是父母的影响最深。很多的人说我性格很像我的爸爸。我回答说“爸爸应该是好老师。”",85.0
